Дата,CPI
24.01.2006,224
25.01.2006,228.38
26.01.2006,224.47
27.01.2006,228.75
30.01.2006,216
31.01.2006,219.02
01.02.2006,223.99
02.02.2006,221.5
03.02.2006,221.01
06.02.2006,220.45
07.02.2006,220.5
08.02.2006,221
09.02.2006,222
10.02.2006,222
13.02.2006,219.95
14.02.2006,219.89
15.02.2006,219.78
16.02.2006,220
17.02.2006,226.5
20.02.2006,228.2
21.02.2006,225
22.02.2006,225.38
26.02.2006,227.38
27.02.2006,225.21
28.02.2006,218.79
01.03.2006,217.98
02.03.2006,218.98
03.03.2006,228.9
06.03.2006,231.99
07.03.2006,223.86
09.03.2006,219.2
10.03.2006,217.11
13.03.2006,223.3
14.03.2006,220.35
15.03.2006,221.23
16.03.2006,220.7
17.03.2006,229.3
20.03.2006,225.75
21.03.2006,224.4
22.03.2006,225.19
23.03.2006,226.5
24.03.2006,229.9
27.03.2006,231.63
28.03.2006,228.45
29.03.2006,228.62
30.03.2006,230.4
31.03.2006,230.15
03.04.2006,230.5
04.04.2006,231.52
05.04.2006,238.5
06.04.2006,243.3
07.04.2006,250.29
10.04.2006,268.7
11.04.2006,262.5
12.04.2006,264.7
13.04.2006,263.49
14.04.2006,267.9
17.04.2006,269.45
18.04.2006,271.69
19.04.2006,278.29
20.04.2006,276.11
21.04.2006,280.19
24.04.2006,286.97
25.04.2006,285
26.04.2006,309.3
27.04.2006,304.7
28.04.2006,310.25
02.05.2006,320.3
03.05.2006,323.36
04.05.2006,332.48
05.05.2006,336.35
06.05.2006,350.25
10.05.2006,331.8
11.05.2006,334.92
12.05.2006,320.2
15.05.2006,301.99
16.05.2006,306.99
17.05.2006,292.2
18.05.2006,283.5
19.05.2006,273.5
22.05.2006,240.68
23.05.2006,267
24.05.2006,258.49
25.05.2006,272.4
26.05.2006,291.3
29.05.2006,282.49
30.05.2006,282.9
31.05.2006,283
01.06.2006,287.99
02.06.2006,298.9
05.06.2006,297.86
06.06.2006,277.66
07.06.2006,280.4
08.06.2006,251.5
09.06.2006,255.67
13.06.2006,228
14.06.2006,244
15.06.2006,257.88
16.06.2006,258.17
19.06.2006,259.99
20.06.2006,264
21.06.2006,264
22.06.2006,259.15
23.06.2006,260
26.06.2006,257.9
27.06.2006,266.22
28.06.2006,266.31
29.06.2006,275.5
30.06.2006,281.83
03.07.2006,285.65
04.07.2006,286.8
05.07.2006,273.21
06.07.2006,285
07.07.2006,277.85
10.07.2006,280
11.07.2006,274.55
12.07.2006,277.01
13.07.2006,261.6
14.07.2006,265
17.07.2006,258.12
18.07.2006,262.97
19.07.2006,271.2
20.07.2006,268.3
21.07.2006,266.88
24.07.2006,272
25.07.2006,269.77
26.07.2006,270.75
27.07.2006,280.8
28.07.2006,279.55
31.07.2006,277.88
01.08.2006,275.66
02.08.2006,280.51
03.08.2006,284.89
04.08.2006,290.99
07.08.2006,294.49
08.08.2006,294.2
09.08.2006,304.82
10.08.2006,306.05
11.08.2006,313.45
14.08.2006,312.1
15.08.2006,312.4
16.08.2006,312.99
17.08.2006,304.68
18.08.2006,292.4
21.08.2006,300.15
22.08.2006,307.9
23.08.2006,309.17
24.08.2006,308.1
25.08.2006,313.29
28.08.2006,311.2
29.08.2006,310
30.08.2006,312.3
31.08.2006,313.45
01.09.2006,309.19
04.09.2006,311.2
05.09.2006,310.65
06.09.2006,302.2
07.09.2006,294.98
08.09.2006,298.01
11.09.2006,284.44
12.09.2006,289.9
13.09.2006,293.99
14.09.2006,292.18
15.09.2006,291.75
18.09.2006,293.82
19.09.2006,294.75
20.09.2006,288.01
21.09.2006,280.8
22.09.2006,272
25.09.2006,262.1
26.09.2006,273.91
27.09.2006,276.61
28.09.2006,289.7
29.09.2006,288
02.10.2006,290.1
03.10.2006,282.3
04.10.2006,286.19
05.10.2006,295.69
06.10.2006,293.2
09.10.2006,300.18
10.10.2006,294.82
11.10.2006,295.49
12.10.2006,290.6
13.10.2006,298.25
16.10.2006,297.78
17.10.2006,294
18.10.2006,299.69
19.10.2006,300.1
20.10.2006,297.2
23.10.2006,293.69
24.10.2006,293.05
25.10.2006,296.25
26.10.2006,291.5
27.10.2006,286.13
30.10.2006,277.28
31.10.2006,282.19
01.11.2006,291
02.11.2006,287.99
03.11.2006,291
07.11.2006,292.74
08.11.2006,289.7
09.11.2006,292.8
10.11.2006,291.99
13.11.2006,290.97
14.11.2006,293.53
15.11.2006,294
16.11.2006,293.64
17.11.2006,288.13
20.11.2006,285.69
21.11.2006,291.4
22.11.2006,288.01
23.11.2006,289.7
24.11.2006,290.2
27.11.2006,288.75
28.11.2006,295.25
29.11.2006,305.45
30.11.2006,305.5
01.12.2006,303.49
04.12.2006,304.99
05.12.2006,308
06.12.2006,308.7
07.12.2006,307.8
08.12.2006,305.7
11.12.2006,301.69
12.12.2006,297.1
13.12.2006,297.8
14.12.2006,303.18
15.12.2006,304.7
18.12.2006,302.2
19.12.2006,299.5
20.12.2006,301.5
21.12.2006,305
22.12.2006,303.6
25.12.2006,300.7
26.12.2006,299.68
27.12.2006,301.66
28.12.2006,302.33
29.12.2006,302.89
09.01.2007,286.68
10.01.2007,291.77
11.01.2007,292
12.01.2007,287.5
15.01.2007,294.12
16.01.2007,287
17.01.2007,279.19
18.01.2007,278.77
19.01.2007,285.44
22.01.2007,288.89
23.01.2007,285.7
24.01.2007,287.59
25.01.2007,290.2
26.01.2007,286.8
29.01.2007,283.45
30.01.2007,285.3
31.01.2007,285
01.02.2007,287.95
02.02.2007,289.05
05.02.2007,290.12
06.02.2007,290.85
07.02.2007,286.39
08.02.2007,280.1
09.02.2007,278.47
12.02.2007,268.8
13.02.2007,274.7
14.02.2007,281.87
15.02.2007,278.92
16.02.2007,282.5
19.02.2007,283.52
20.02.2007,278.53
21.02.2007,280.2
22.02.2007,282
26.02.2007,284.95
27.02.2007,276.3
28.02.2007,267.42
01.03.2007,256.77
02.03.2007,260.9
05.03.2007,250
06.03.2007,253.53
07.03.2007,254.09
09.03.2007,264.84
12.03.2007,261.05
13.03.2007,260.3
14.03.2007,253.8
15.03.2007,255.45
16.03.2007,254.6
19.03.2007,258
20.03.2007,254.5
21.03.2007,253.12
22.03.2007,260.49
23.03.2007,269.2
26.03.2007,274.5
27.03.2007,268.81
28.03.2007,271.97
29.03.2007,273.8
30.03.2007,270.98
02.04.2007,269.48
03.04.2007,266.77
04.04.2007,268.6
05.04.2007,270.22
06.04.2007,267.89
09.04.2007,269.25
10.04.2007,268.5
11.04.2007,273.81
12.04.2007,270.51
13.04.2007,271.9
16.04.2007,267.5
17.04.2007,260.95
18.04.2007,257.6
19.04.2007,251.98
20.04.2007,260.3
23.04.2007,258.1
24.04.2007,257.65
25.04.2007,260.25
26.04.2007,260
27.04.2007,255.5
28.04.2007,257.49
02.05.2007,254.7
03.05.2007,254.3
04.05.2007,253.82
07.05.2007,254.5
08.05.2007,250.88
10.05.2007,247.7
11.05.2007,243.48
14.05.2007,242.71
15.05.2007,238.3
16.05.2007,245.8
17.05.2007,244.19
18.05.2007,248.7
21.05.2007,247.39
22.05.2007,247.58
23.05.2007,241.6
24.05.2007,237.1
25.05.2007,238.5
28.05.2007,234.22
29.05.2007,229.25
30.05.2007,227.99
31.05.2007,236
01.06.2007,244.8
04.06.2007,246.3
05.06.2007,247
06.06.2007,244
07.06.2007,241.28
08.06.2007,241.3
09.06.2007,243
13.06.2007,246.64
14.06.2007,257.7
15.06.2007,265
18.06.2007,264.82
19.06.2007,264.69
20.06.2007,268.24
21.06.2007,262.4
22.06.2007,262.96
25.06.2007,257.88
26.06.2007,261.99
27.06.2007,260.34
28.06.2007,264.53
29.06.2007,267.74
02.07.2007,272.17
03.07.2007,273.12
04.07.2007,270.45
05.07.2007,273.95
06.07.2007,274.8
09.07.2007,278
10.07.2007,273
11.07.2007,276.3
12.07.2007,284.74
13.07.2007,287.67
16.07.2007,292.06
17.07.2007,290.25
18.07.2007,286.4
19.07.2007,292.51
20.07.2007,291.27
23.07.2007,291.32
24.07.2007,283.3
25.07.2007,283.5
26.07.2007,273.5
27.07.2007,268.4
30.07.2007,271.65
31.07.2007,275.6
01.08.2007,269.95
02.08.2007,273.8
03.08.2007,277.39
06.08.2007,271.47
07.08.2007,273.2
08.08.2007,280.03
09.08.2007,271.9
10.08.2007,266.13
13.08.2007,270.83
14.08.2007,269.01
15.08.2007,263.75
16.08.2007,258.95
17.08.2007,263.99
20.08.2007,261.49
21.08.2007,258.89
22.08.2007,263.56
23.08.2007,264.19
24.08.2007,262.19
27.08.2007,265.15
28.08.2007,262.5
29.08.2007,261.58
30.08.2007,261.01
31.08.2007,265.8
03.09.2007,264.92
04.09.2007,263
05.09.2007,262
06.09.2007,266.69
07.09.2007,262.02
10.09.2007,260.9
11.09.2007,263.19
12.09.2007,262.01
13.09.2007,269.98
14.09.2007,268.19
17.09.2007,265.9
18.09.2007,268
19.09.2007,276.54
20.09.2007,274
21.09.2007,272.25
24.09.2007,273
25.09.2007,269.2
26.09.2007,273.55
27.09.2007,273.8
28.09.2007,274.2
01.10.2007,272.12
02.10.2007,282.3
03.10.2007,280.3
04.10.2007,283.71
05.10.2007,289.5
08.10.2007,292.05
09.10.2007,293.98
10.10.2007,292
11.10.2007,297
12.10.2007,293.4
15.10.2007,295.14
16.10.2007,293.17
17.10.2007,293.2
18.10.2007,290.4
19.10.2007,289.25
22.10.2007,284.45
23.10.2007,286.7
24.10.2007,284.19
25.10.2007,287.15
26.10.2007,295.02
29.10.2007,303.8
30.10.2007,304.75
31.10.2007,306.68
01.11.2007,305.4
02.11.2007,307.92
06.11.2007,315
07.11.2007,317.61
08.11.2007,323.25
09.11.2007,320.93
12.11.2007,321.15
13.11.2007,317.7
14.11.2007,320.7
15.11.2007,318.2
16.11.2007,313.2
19.11.2007,310.95
20.11.2007,313.2
21.11.2007,306.5
22.11.2007,308.1
23.11.2007,306.8
26.11.2007,311
27.11.2007,307.55
28.11.2007,311.43
29.11.2007,315.9
30.11.2007,323.39
03.12.2007,323.11
04.12.2007,329.02
05.12.2007,345.1
06.12.2007,343.71
07.12.2007,347.7
10.12.2007,354.91
11.12.2007,353
12.12.2007,357.2
13.12.2007,346.85
14.12.2007,342.7
17.12.2007,340.5
18.12.2007,349.25
19.12.2007,345.06
20.12.2007,352
21.12.2007,354
24.12.2007,351.75
25.12.2007,349
26.12.2007,347.64
27.12.2007,348.99
28.12.2007,342.88
09.01.2008,352.69
10.01.2008,352.4
11.01.2008,355.91
14.01.2008,363.7
15.01.2008,360.24
16.01.2008,342.45
17.01.2008,331.04
18.01.2008,327.05
21.01.2008,303.8
22.01.2008,307
23.01.2008,296
24.01.2008,307.2
25.01.2008,316.23
28.01.2008,305.32
29.01.2008,312.83
30.01.2008,305.95
31.01.2008,290.95
01.02.2008,305.2
04.02.2008,312.88
05.02.2008,302.49
06.02.2008,297.7
07.02.2008,289.09
08.02.2008,286.31
11.02.2008,292.25
12.02.2008,302.82
13.02.2008,307.81
14.02.2008,309.45
15.02.2008,305.5
18.02.2008,312.75
19.02.2008,318.95
20.02.2008,313.3
21.02.2008,319.2
22.02.2008,317.05
26.02.2008,316.5
27.02.2008,314.47
28.02.2008,310.54
29.02.2008,304.95
03.03.2008,301.21
04.03.2008,306.7
05.03.2008,307.3
06.03.2008,305.11
07.03.2008,298.67
11.03.2008,309.49
12.03.2008,310.1
13.03.2008,302.25
14.03.2008,303.97
17.03.2008,290.35
18.03.2008,296.47
19.03.2008,294.77
20.03.2008,288.01
21.03.2008,288.65
24.03.2008,297.67
25.03.2008,293.14
26.03.2008,292.64
27.03.2008,297.02
28.03.2008,298.82
31.03.2008,297.61
01.04.2008,299.68
02.04.2008,300.49
03.04.2008,297.25
04.04.2008,297.81
07.04.2008,305.6
08.04.2008,302
09.04.2008,308.91
10.04.2008,311.7
11.04.2008,307.2
14.04.2008,306.07
15.04.2008,310.41
16.04.2008,314.53
17.04.2008,309.61
18.04.2008,317.33
21.04.2008,314.24
22.04.2008,314.1
23.04.2008,315.5
24.04.2008,311.4
25.04.2008,314.28
28.04.2008,314
29.04.2008,312.06
30.04.2008,312.49
04.05.2008,316
05.05.2008,313.7
06.05.2008,316.5
07.05.2008,331.6
08.05.2008,349.31
12.05.2008,349.15
13.05.2008,349.46
14.05.2008,359.24
15.05.2008,352.25
16.05.2008,365.26
19.05.2008,367.4
20.05.2008,360.5
21.05.2008,365.06
22.05.2008,356.95
23.05.2008,363.57
26.05.2008,360.5
27.05.2008,353.97
28.05.2008,355.37
29.05.2008,361
30.05.2008,360.09
02.06.2008,356
03.06.2008,354.12
04.06.2008,342.5
05.06.2008,340.77
06.06.2008,345.3
07.06.2008,336.14
09.06.2008,339.1
10.06.2008,334.7
11.06.2008,343
16.06.2008,346
17.06.2008,351.1
18.06.2008,351.3
19.06.2008,350.65
20.06.2008,346.51
23.06.2008,344.07
24.06.2008,338.2
25.06.2008,340.55
26.06.2008,336.9
27.06.2008,340.98
30.06.2008,341
01.07.2008,327.01
02.07.2008,323.81
03.07.2008,322.15
04.07.2008,318.7
07.07.2008,318.7
08.07.2008,316.09
09.07.2008,312.4
10.07.2008,311.74
11.07.2008,305.1
14.07.2008,313.69
15.07.2008,305
16.07.2008,306.02
17.07.2008,311.65
18.07.2008,296.5
21.07.2008,295.5
22.07.2008,293.01
23.07.2008,289.02
24.07.2008,280.03
25.07.2008,269.31
28.07.2008,271.02
29.07.2008,273
30.07.2008,279.1
31.07.2008,277.89
01.08.2008,273.22
04.08.2008,263.4
05.08.2008,250.3
06.08.2008,250
07.08.2008,256.85
08.08.2008,243.4
11.08.2008,261.68
12.08.2008,269
13.08.2008,263.21
14.08.2008,263.84
15.08.2008,267.15
18.08.2008,261.98
19.08.2008,243.88
20.08.2008,246.25
21.08.2008,250.21
22.08.2008,240.49
25.08.2008,231.39
26.08.2008,232.49
27.08.2008,233.21
28.08.2008,243.99
29.08.2008,242.34
01.09.2008,245.59
02.09.2008,246.5
03.09.2008,235.99
04.09.2008,229.5
05.09.2008,220.9
08.09.2008,225.4
09.09.2008,207.59
10.09.2008,205.08
11.09.2008,196.1
12.09.2008,210
15.09.2008,196.06
16.09.2008,160.99
17.09.2008,167
19.09.2008,215
22.09.2008,208
23.09.2008,202.97
24.09.2008,214.5
25.09.2008,210
26.09.2008,206.12
29.09.2008,193
30.09.2008,198
01.10.2008,198
02.10.2008,191.09
03.10.2008,180
06.10.2008,143.94
07.10.2008,139.75
08.10.2008,116.9
09.10.2008,128.5
13.10.2008,117.18
14.10.2008,132.91
15.10.2008,122
16.10.2008,105.57
17.10.2008,103.35
20.10.2008,109.5
21.10.2008,117.47
22.10.2008,110
23.10.2008,103
24.10.2008,86.6
28.10.2008,92
29.10.2008,110.05
30.10.2008,129.99
31.10.2008,133.5
01.11.2008,139.91
05.11.2008,141.5
06.11.2008,127.52
07.11.2008,132.78
10.11.2008,135.63
11.11.2008,116.5
13.11.2008,108.99
14.11.2008,107
17.11.2008,100
18.11.2008,101.44
19.11.2008,99
20.11.2008,96.25
21.11.2008,91
24.11.2008,112.48
25.11.2008,109.91
26.11.2008,110.5
27.11.2008,117.77
28.11.2008,118.36
01.12.2008,111.3
02.12.2008,114
03.12.2008,109.8
04.12.2008,107.15
05.12.2008,105.5
08.12.2008,116.5
09.12.2008,112.23
10.12.2008,111.99
11.12.2008,114.95
12.12.2008,115.26
15.12.2008,116.8
16.12.2008,115.5
17.12.2008,113.15
18.12.2008,105.7
19.12.2008,105.1
22.12.2008,109.9
23.12.2008,115.03
24.12.2008,111.1
25.12.2008,106.3
26.12.2008,102.6
29.12.2008,103.44
30.12.2008,108.6
31.12.2008,108
11.01.2009,111.58
12.01.2009,113.85
13.01.2009,114.14
14.01.2009,108.3
15.01.2009,107.17
16.01.2009,107.9
19.01.2009,106.05
20.01.2009,105.55
21.01.2009,107.99
22.01.2009,103.79
23.01.2009,101.49
26.01.2009,111.41
27.01.2009,109.56
28.01.2009,114.11
29.01.2009,113.85
30.01.2009,114.7
02.02.2009,116.7
03.02.2009,117
04.02.2009,118.38
05.02.2009,113.69
06.02.2009,117
09.02.2009,126
10.02.2009,127.7
11.02.2009,124.4
12.02.2009,119.91
13.02.2009,126.51
16.02.2009,123.99
17.02.2009,113.9
18.02.2009,110.98
19.02.2009,113.4
20.02.2009,111.65
24.02.2009,112
25.02.2009,112.75
26.02.2009,119.3
27.02.2009,116.5
02.03.2009,111.83
03.03.2009,111.3
04.03.2009,114.55
05.03.2009,112.07
06.03.2009,112.7
10.03.2009,124.3
11.03.2009,125.83
12.03.2009,122.5
13.03.2009,127.3
16.03.2009,128.68
17.03.2009,125.91
18.03.2009,120.5
19.03.2009,124.3
20.03.2009,125.99
23.03.2009,137.08
24.03.2009,133.3
25.03.2009,137.9
26.03.2009,136.7
27.03.2009,133.27
30.03.2009,124.21
31.03.2009,126.4
01.04.2009,131.35
02.04.2009,140.59
03.04.2009,137.85
06.04.2009,136
07.04.2009,135.4
08.04.2009,139.97
09.04.2009,147.9
10.04.2009,147.78
13.04.2009,142.74
14.04.2009,144.99
15.04.2009,141.95
16.04.2009,142.99
17.04.2009,143.51
20.04.2009,134
21.04.2009,134.47
22.04.2009,140.3
23.04.2009,149
24.04.2009,150
27.04.2009,145.5
28.04.2009,143
29.04.2009,149
30.04.2009,147.82
04.05.2009,155
05.05.2009,161.3
06.05.2009,169.91
07.05.2009,171.61
08.05.2009,173.3
12.05.2009,179.05
13.05.2009,167.19
14.05.2009,165.5
15.05.2009,166.24
18.05.2009,170.31
19.05.2009,176.02
20.05.2009,183.24
21.05.2009,170.15
22.05.2009,174.17
25.05.2009,170.67
26.05.2009,170.15
27.05.2009,171.2
28.05.2009,172.56
29.05.2009,178.1
01.06.2009,191.5
02.06.2009,190.5
03.06.2009,175.1
04.06.2009,176.56
05.06.2009,182
08.06.2009,177.15
09.06.2009,177.15
10.06.2009,181.04
11.06.2009,183.47
15.06.2009,173.8
16.06.2009,176.47
17.06.2009,162.3
18.06.2009,158.75
19.06.2009,162.52
22.06.2009,150.6
23.06.2009,143.37
24.06.2009,154.77
25.06.2009,148.25
26.06.2009,150.7
29.06.2009,157.9
30.06.2009,155.79
01.07.2009,165.98
02.07.2009,157.7
03.07.2009,154.69
06.07.2009,144.51
07.07.2009,144.94
08.07.2009,139.03
09.07.2009,137.6
10.07.2009,134.18
13.07.2009,134.3
14.07.2009,134.95
15.07.2009,144.29
16.07.2009,146.08
17.07.2009,152.85
20.07.2009,157
21.07.2009,160.07
22.07.2009,157.5
23.07.2009,166.79
24.07.2009,162.38
27.07.2009,162.8
28.07.2009,154.4
29.07.2009,152.02
30.07.2009,162.76
31.07.2009,162.52
03.08.2009,169.57
04.08.2009,169.95
05.08.2009,167.39
06.08.2009,169.36
07.08.2009,173.8
10.08.2009,169.64
11.08.2009,164.02
12.08.2009,164.7
13.08.2009,165.98
14.08.2009,160.66
17.08.2009,153.35
18.08.2009,150.13
19.08.2009,151.85
20.08.2009,157.8
21.08.2009,167.1
24.08.2009,169.1
25.08.2009,169.22
26.08.2009,167.6
27.08.2009,163.3
28.08.2009,167.3
31.08.2009,163.1
01.09.2009,163.71
02.09.2009,159.36
03.09.2009,158.5
04.09.2009,157.51
07.09.2009,161.88
08.09.2009,166
09.09.2009,170.36
10.09.2009,172.8
11.09.2009,173.95
14.09.2009,172.3
15.09.2009,176.6
16.09.2009,181.99
17.09.2009,181.5
18.09.2009,182.45
21.09.2009,175.97
22.09.2009,183.4
23.09.2009,180.18
24.09.2009,177.1
25.09.2009,177.8
28.09.2009,180.59
29.09.2009,179.49
30.09.2009,175
01.10.2009,175.97
02.10.2009,171.01
05.10.2009,170.5
06.10.2009,175.1
07.10.2009,174.15
08.10.2009,178.81
09.10.2009,181.61
12.10.2009,192.94
13.10.2009,190.5
14.10.2009,200.45
15.10.2009,196.01
16.10.2009,191.5
19.10.2009,195.82
20.10.2009,196.49
21.10.2009,197
22.10.2009,192.23
23.10.2009,193.5
26.10.2009,193.8
27.10.2009,189.73
28.10.2009,178.59
29.10.2009,184.1
30.10.2009,175.9
02.11.2009,180.99
03.11.2009,174.18
05.11.2009,180
06.11.2009,174.95
09.11.2009,181.82
10.11.2009,183.31
11.11.2009,181.2
12.11.2009,179.35
13.11.2009,178.9
16.11.2009,186.39
17.11.2009,183.15
18.11.2009,184.66
19.11.2009,180.7
20.11.2009,177.99
23.11.2009,179.2
24.11.2009,175.91
25.11.2009,171.99
26.11.2009,167.19
27.11.2009,169
30.11.2009,166.49
01.12.2009,168.59
02.12.2009,167.5
03.12.2009,163.28
04.12.2009,168.55
07.12.2009,166
08.12.2009,167.2
09.12.2009,167.01
10.12.2009,166.09
11.12.2009,166.11
14.12.2009,167.09
15.12.2009,172.19
16.12.2009,181.02
17.12.2009,177
18.12.2009,181.6
21.12.2009,183.9
22.12.2009,182.51
23.12.2009,184.77
24.12.2009,180.99
25.12.2009,182.2
28.12.2009,181.11
29.12.2009,183.74
30.12.2009,181.7
31.12.2009,183.09
11.01.2010,194.5
12.01.2010,191.8
13.01.2010,189.3
14.01.2010,190.83
15.01.2010,187.86
18.01.2010,190.4
19.01.2010,189.76
20.01.2010,185.98
21.01.2010,182.76
22.01.2010,181.5
25.01.2010,182.85
26.01.2010,181.29
27.01.2010,182.01
28.01.2010,182.3
29.01.2010,186.44
01.02.2010,189.85
02.02.2010,192.21
03.02.2010,192.7
04.02.2010,186.59
05.02.2010,182.31
08.02.2010,175.31
09.02.2010,174.91
10.02.2010,171.48
11.02.2010,168.4
12.02.2010,163.04
15.02.2010,164.45
16.02.2010,172.18
17.02.2010,171.35
18.02.2010,168.4
19.02.2010,171.83
24.02.2010,171
25.02.2010,165.48
26.02.2010,166.72
27.02.2010,167.61
01.03.2010,168.2
02.03.2010,169.51
03.03.2010,170.1
04.03.2010,172.27
05.03.2010,176.8
09.03.2010,175.47
10.03.2010,173.77
11.03.2010,170.62
12.03.2010,172.71
15.03.2010,169.27
16.03.2010,171.35
17.03.2010,171.94
18.03.2010,170.6
19.03.2010,167.06
22.03.2010,169.29
23.03.2010,167.6
24.03.2010,164.85
25.03.2010,162.3
26.03.2010,161.1
29.03.2010,164.55
30.03.2010,170.44
31.03.2010,171.5
01.04.2010,175
02.04.2010,175.34
05.04.2010,175.88
06.04.2010,177.1
07.04.2010,174.99
08.04.2010,174.54
09.04.2010,175.15
12.04.2010,175.93
13.04.2010,174.3
14.04.2010,181.4
15.04.2010,185.16
16.04.2010,179.99
19.04.2010,174.51
20.04.2010,175.15
21.04.2010,173.09
22.04.2010,170.7
23.04.2010,175
26.04.2010,177.99
27.04.2010,175.6
28.04.2010,170.56
29.04.2010,174.5
30.04.2010,170
04.05.2010,164.23
05.05.2010,164.2
06.05.2010,163.79
07.05.2010,155
11.05.2010,160.09
12.05.2010,166.07
13.05.2010,162.9
14.05.2010,159.86
17.05.2010,161.38
18.05.2010,163.28
19.05.2010,157.81
20.05.2010,151.05
21.05.2010,150
24.05.2010,151
25.05.2010,143
26.05.2010,158.44
27.05.2010,158.46
28.05.2010,157.88
31.05.2010,159.84
01.06.2010,159.26
02.06.2010,163.8
03.06.2010,164.98
04.06.2010,163
07.06.2010,160.59
08.06.2010,157.37
09.06.2010,158.2
10.06.2010,157.79
11.06.2010,156.44
15.06.2010,159.71
16.06.2010,158.8
17.06.2010,156.6
18.06.2010,159.4
21.06.2010,162.88
22.06.2010,159.44
23.06.2010,158.11
24.06.2010,154.7
25.06.2010,152
28.06.2010,154
29.06.2010,149.85
30.06.2010,149.1
01.07.2010,143.2
02.07.2010,148.25
05.07.2010,148.05
06.07.2010,152.38
07.07.2010,153.47
08.07.2010,151.97
09.07.2010,154.2
12.07.2010,156.13
13.07.2010,159.03
14.07.2010,158.12
15.07.2010,157.1
16.07.2010,155.19
19.07.2010,156.69
20.07.2010,155.47
21.07.2010,158.25
22.07.2010,162.3
23.07.2010,160.9
26.07.2010,162.13
27.07.2010,164.3
28.07.2010,161.79
29.07.2010,165.5
30.07.2010,162.85
02.08.2010,168.99
03.08.2010,165.92
04.08.2010,167.04
05.08.2010,166.95
06.08.2010,166.88
09.08.2010,169.61
10.08.2010,166.53
11.08.2010,162.3
12.08.2010,162.43
13.08.2010,161.26
16.08.2010,163.18
17.08.2010,164.2
18.08.2010,162.4
19.08.2010,160.1
20.08.2010,158.73
23.08.2010,159.11
24.08.2010,156.6
25.08.2010,155.61
26.08.2010,158.7
27.08.2010,158.56
30.08.2010,159
31.08.2010,159.15
01.09.2010,161.79
02.09.2010,162.8
03.09.2010,163
06.09.2010,162.95
07.09.2010,161.54
08.09.2010,164.14
09.09.2010,165.53
10.09.2010,164.4
13.09.2010,165
14.09.2010,163
15.09.2010,163.87
16.09.2010,163.17
17.09.2010,162.18
20.09.2010,163.15
21.09.2010,163.14
22.09.2010,160.8
23.09.2010,159.22
24.09.2010,157.97
27.09.2010,157.5
28.09.2010,156.8
29.09.2010,157.85
30.09.2010,160
01.10.2010,160.54
04.10.2010,161.99
05.10.2010,162.44
06.10.2010,163
07.10.2010,162.49
08.10.2010,163.35
11.10.2010,165
12.10.2010,163
13.10.2010,164.74
14.10.2010,162.3
15.10.2010,161
18.10.2010,163.4
19.10.2010,162.27
20.10.2010,161.9
21.10.2010,165.8
22.10.2010,168.49
25.10.2010,169.62
26.10.2010,168.45
27.10.2010,167.02
28.10.2010,167.17
29.10.2010,168.89
01.11.2010,169.89
02.11.2010,170.16
03.11.2010,170.19
08.11.2010,174.2
09.11.2010,176.1
10.11.2010,174.47
11.11.2010,172.6
12.11.2010,171.88
13.11.2010,171.69
15.11.2010,171.79
16.11.2010,169.57
17.11.2010,168.81
18.11.2010,170.7
19.11.2010,172.2
22.11.2010,169.71
23.11.2010,167.7
24.11.2010,170.32
25.11.2010,172.6
26.11.2010,174.49
29.11.2010,173.03
30.11.2010,174.2
01.12.2010,182.49
02.12.2010,189.2
03.12.2010,190.7
06.12.2010,194.3
07.12.2010,192.95
08.12.2010,190.9
09.12.2010,192.83
10.12.2010,192.87
13.12.2010,195.8
14.12.2010,197.2
15.12.2010,195.56
16.12.2010,193.43
17.12.2010,194.11
20.12.2010,194.03
21.12.2010,195.7
22.12.2010,196.63
23.12.2010,196.01
24.12.2010,195.32
27.12.2010,194.9
28.12.2010,194.41
29.12.2010,192.5
30.12.2010,193.5
11.01.2011,194.15
12.01.2011,200.64
13.01.2011,197.4
14.01.2011,195.92
17.01.2011,198.7
18.01.2011,198.8
19.01.2011,198.12
20.01.2011,194.2
21.01.2011,192.71
24.01.2011,189.05
25.01.2011,190
26.01.2011,197.14
27.01.2011,201.3
28.01.2011,199.7
31.01.2011,196.98
01.02.2011,204.91
02.02.2011,209.51
03.02.2011,207.03
04.02.2011,213.3
07.02.2011,213.6
08.02.2011,210.4
09.02.2011,215.15
10.02.2011,208.22
11.02.2011,208.5
14.02.2011,203.51
15.02.2011,199.5
16.02.2011,199.4
17.02.2011,195.45
18.02.2011,195.5
21.02.2011,198.92
22.02.2011,197.8
24.02.2011,208.05
25.02.2011,209.3
28.02.2011,210.71
01.03.2011,209.48
02.03.2011,212
03.03.2011,213.54
04.03.2011,212.9
05.03.2011,214.12
09.03.2011,214.77
10.03.2011,207.95
11.03.2011,209.1
14.03.2011,216.25
15.03.2011,217.5
16.03.2011,221.81
17.03.2011,224.91
18.03.2011,224.1
21.03.2011,222.36
22.03.2011,220.32
23.03.2011,223.5
24.03.2011,224.3
25.03.2011,222.81
28.03.2011,225.5
29.03.2011,224.01
30.03.2011,229.32
31.03.2011,229.09
01.04.2011,235.1
04.04.2011,237.7
05.04.2011,238.72
06.04.2011,239.4
07.04.2011,238
08.04.2011,243.2
11.04.2011,244
12.04.2011,235.57
13.04.2011,235.07
14.04.2011,228.87
15.04.2011,227.6
18.04.2011,218.91
19.04.2011,225.69
20.04.2011,230.51
21.04.2011,235
22.04.2011,236.89
25.04.2011,233.9
26.04.2011,232.14
27.04.2011,231.9
28.04.2011,231.9
29.04.2011,231.78
03.05.2011,221.64
04.05.2011,212.44
05.05.2011,208.8
06.05.2011,211.68
10.05.2011,214
11.05.2011,210
12.05.2011,203.12
13.05.2011,201.08
16.05.2011,198.49
17.05.2011,198.5
18.05.2011,202.85
19.05.2011,201.36
20.05.2011,196.9
23.05.2011,190.3
24.05.2011,195.5
25.05.2011,196.77
26.05.2011,195
27.05.2011,201.82
30.05.2011,203.89
31.05.2011,204.02
01.06.2011,203.48
02.06.2011,201.68
03.06.2011,196.55
06.06.2011,195.97
07.06.2011,204.67
08.06.2011,207.11
09.06.2011,211.92
10.06.2011,209.16
14.06.2011,208.24
15.06.2011,206
16.06.2011,204.6
17.06.2011,200.8
20.06.2011,199
21.06.2011,200.95
22.06.2011,202.54
23.06.2011,195.95
24.06.2011,199.22
27.06.2011,196.29
28.06.2011,199.05
29.06.2011,201.51
30.06.2011,203.87
01.07.2011,205
04.07.2011,205.24
05.07.2011,203.6
06.07.2011,201.56
07.07.2011,207.7
08.07.2011,205.44
11.07.2011,201.94
12.07.2011,201.59
13.07.2011,202.95
14.07.2011,201
15.07.2011,201.6
18.07.2011,197.95
19.07.2011,199.9
20.07.2011,200.3
21.07.2011,203.7
22.07.2011,202.7
25.07.2011,201.21
26.07.2011,201.4
27.07.2011,199.88
28.07.2011,202.1
29.07.2011,199.44
01.08.2011,202.09
02.08.2011,200.51
03.08.2011,193
04.08.2011,187
05.08.2011,181.8
08.08.2011,169.9
09.08.2011,166.7
10.08.2011,157.7
11.08.2011,164.99
12.08.2011,169.5
15.08.2011,174.41
16.08.2011,171.1
17.08.2011,175.5
18.08.2011,169.65
19.08.2011,169.56
22.08.2011,168.95
23.08.2011,169.12
24.08.2011,173.5
25.08.2011,170.78
26.08.2011,172.8
29.08.2011,177.73
30.08.2011,177.18
31.08.2011,178.08
01.09.2011,177.35
02.09.2011,171
05.09.2011,169.61
06.09.2011,167.94
07.09.2011,174.01
08.09.2011,175
09.09.2011,168.79
12.09.2011,165.5
13.09.2011,164.11
14.09.2011,165.88
15.09.2011,166
16.09.2011,164.5
19.09.2011,163.4
20.09.2011,166.23
21.09.2011,164.45
22.09.2011,152.66
23.09.2011,151.25
26.09.2011,154.5
27.09.2011,157
28.09.2011,155.02
29.09.2011,158.81
30.09.2011,155.9
03.10.2011,153.52
04.10.2011,144.59
05.10.2011,142.71
06.10.2011,150.23
07.10.2011,151
10.10.2011,154.2
11.10.2011,153
12.10.2011,161.25
13.10.2011,158.07
14.10.2011,162.86
17.10.2011,160.37
18.10.2011,161.9
19.10.2011,163.18
20.10.2011,162.6
21.10.2011,166.01
24.10.2011,170
25.10.2011,168.38
26.10.2011,177.1
27.10.2011,185.8
28.10.2011,185
31.10.2011,179.2
01.11.2011,174.8
02.11.2011,182.59
03.11.2011,183.23
07.11.2011,183.47
08.11.2011,183.25
09.11.2011,180.96
10.11.2011,183.11
11.11.2011,183.5
14.11.2011,182.7
15.11.2011,185.99
16.11.2011,187.7
17.11.2011,184
18.11.2011,180.01
21.11.2011,169.74
22.11.2011,169.2
23.11.2011,167.9
24.11.2011,161.83
25.11.2011,165.55
28.11.2011,172.13
29.11.2011,170.05
30.11.2011,175.4
01.12.2011,181.4
02.12.2011,183.39
05.12.2011,184.5
06.12.2011,175.28
07.12.2011,174.63
08.12.2011,176.96
09.12.2011,169.93
12.12.2011,164.42
13.12.2011,166.66
14.12.2011,165
15.12.2011,170.9
16.12.2011,169.4
19.12.2011,165.85
20.12.2011,172.5
21.12.2011,169.69
22.12.2011,171
23.12.2011,170
26.12.2011,172
27.12.2011,170.79
28.12.2011,169.4
29.12.2011,170.7
30.12.2011,171.3
03.01.2012,177.5
04.01.2012,177.24
05.01.2012,177.43
06.01.2012,176.2
09.01.2012,176.87
10.01.2012,179.37
11.01.2012,177.98
12.01.2012,177.83
13.01.2012,179.1
16.01.2012,178.85
17.01.2012,181.9
18.01.2012,182.9
19.01.2012,185.4
20.01.2012,183.5
23.01.2012,184.3
24.01.2012,183.31
25.01.2012,185.37
26.01.2012,185.25
27.01.2012,182.5
30.01.2012,181.78
31.01.2012,183.45
01.02.2012,185.54
02.02.2012,187.25
03.02.2012,189.8
06.02.2012,189.78
07.02.2012,188
08.02.2012,189.1
09.02.2012,189.03
10.02.2012,188.16
13.02.2012,191.97
14.02.2012,191.5
15.02.2012,191.55
16.02.2012,190.05
17.02.2012,189.71
20.02.2012,191
21.02.2012,188.8
22.02.2012,187
24.02.2012,193.85
27.02.2012,193.1
28.02.2012,191.37
29.02.2012,194.09
01.03.2012,194.01
02.03.2012,195.85
05.03.2012,199.82
06.03.2012,193
07.03.2012,194
11.03.2012,197.53
12.03.2012,197.39
13.03.2012,197.25
14.03.2012,198.53
15.03.2012,199.2
16.03.2012,197.01
19.03.2012,190.77
20.03.2012,186
21.03.2012,185.26
22.03.2012,181.46
23.03.2012,182.28
26.03.2012,184.76
27.03.2012,182.75
28.03.2012,180
29.03.2012,177.05
30.03.2012,181.3
02.04.2012,181.89
03.04.2012,185.2
04.04.2012,181.23
05.04.2012,182.18
06.04.2012,178.07
09.04.2012,179.87
10.04.2012,176.42
11.04.2012,176.01
12.04.2012,175.74
13.04.2012,177.97
16.04.2012,174.31
17.04.2012,170.9
18.04.2012,169.39
19.04.2012,171.15
20.04.2012,170.93
23.04.2012,166.48
24.04.2012,163.89
25.04.2012,165.08
26.04.2012,164.01
27.04.2012,168.69
28.04.2012,169.27
02.05.2012,167.5
03.05.2012,169.25
04.05.2012,162.75
05.05.2012,164
07.05.2012,165.73
08.05.2012,165
10.05.2012,165
11.05.2012,158.15
12.05.2012,158.02
14.05.2012,149.51
15.05.2012,148.53
16.05.2012,146.02
17.05.2012,142.7
18.05.2012,139.58
21.05.2012,142
22.05.2012,143.41
23.05.2012,138.69
24.05.2012,142.16
25.05.2012,143
28.05.2012,144.22
29.05.2012,148.5
30.05.2012,148.11
31.05.2012,147.03
01.06.2012,148.65
04.06.2012,151.5
05.06.2012,150.47
06.06.2012,150.15
07.06.2012,151.75
08.06.2012,151.5
09.06.2012,152.14
13.06.2012,152.3
14.06.2012,152.19
15.06.2012,156.2
18.06.2012,157.7
19.06.2012,158.9
20.06.2012,157.72
21.06.2012,156.17
22.06.2012,154.9
25.06.2012,151.12
26.06.2012,151.3
27.06.2012,153.9
28.06.2012,150.65
29.06.2012,153.76
02.07.2012,155.25
03.07.2012,158.86
04.07.2012,159.05
05.07.2012,157.33
06.07.2012,155.41
09.07.2012,154.41
10.07.2012,155.6
11.07.2012,153.9
12.07.2012,152.56
13.07.2012,153.33
16.07.2012,153.8
17.07.2012,155.19
18.07.2012,154.8
19.07.2012,156.52
20.07.2012,153.01
23.07.2012,148.37
24.07.2012,145.8
25.07.2012,145.99
26.07.2012,148.5
27.07.2012,152.35
30.07.2012,154.75
31.07.2012,150.75
01.08.2012,149.99
02.08.2012,148.2
03.08.2012,151.1
06.08.2012,154.72
07.08.2012,156.42
08.08.2012,155.57
09.08.2012,155.04
10.08.2012,153.85
13.08.2012,155.2
14.08.2012,156.99
15.08.2012,154.6
16.08.2012,156.83
17.08.2012,156.83
20.08.2012,154.11
21.08.2012,156.97
22.08.2012,156.84
23.08.2012,157.1
24.08.2012,156.81
27.08.2012,156.26
28.08.2012,156.5
29.08.2012,156
30.08.2012,155.07
31.08.2012,157.4
03.09.2012,158.12
04.09.2012,158.06
05.09.2012,155.05
06.09.2012,158.9
07.09.2012,163.24
10.09.2012,164.21
11.09.2012,163.4
12.09.2012,163.21
13.09.2012,162.99
14.09.2012,169.52
17.09.2012,169.26
18.09.2012,167.76
19.09.2012,164.75
20.09.2012,164.85
21.09.2012,163.8
24.09.2012,161.97
25.09.2012,160.87
26.09.2012,157
27.09.2012,157.49
28.09.2012,157.75
01.10.2012,160.9
02.10.2012,159.3
03.10.2012,158.14
04.10.2012,156.41
05.10.2012,159.07
08.10.2012,158.9
09.10.2012,157.15
10.10.2012,155.3
11.10.2012,154.25
12.10.2012,152.36
15.10.2012,152.22
16.10.2012,153.98
17.10.2012,156.14
18.10.2012,155
19.10.2012,154.68
22.10.2012,156.53
23.10.2012,153.67
24.10.2012,152.66
25.10.2012,152.78
26.10.2012,151.56
29.10.2012,150.85
30.10.2012,147.06
31.10.2012,144.9
01.11.2012,144.3
02.11.2012,146.03
06.11.2012,146
07.11.2012,143.7
08.11.2012,143.15
09.11.2012,145.6
12.11.2012,144.88
13.11.2012,139.8
14.11.2012,139.35
15.11.2012,141.73
16.11.2012,140.2
19.11.2012,142
20.11.2012,141.25
21.11.2012,142.8
22.11.2012,142.11
23.11.2012,141.63
26.11.2012,140.33
27.11.2012,138.3
28.11.2012,137.26
29.11.2012,137.29
30.11.2012,138.67
03.12.2012,140.88
04.12.2012,139.4
05.12.2012,140.67
06.12.2012,139.53
07.12.2012,139.5
10.12.2012,140.29
11.12.2012,139.53
12.12.2012,140.94
13.12.2012,139.48
14.12.2012,139.41
17.12.2012,139.73
18.12.2012,140.34
19.12.2012,140.16
20.12.2012,142.75
21.12.2012,144.35
24.12.2012,144.65
25.12.2012,144.76
26.12.2012,145.06
27.12.2012,144.95
28.12.2012,143.7
08.01.2013,147.9
09.01.2013,148.91
10.01.2013,147.6
11.01.2013,147.97
14.01.2013,149.6
15.01.2013,147.73
16.01.2013,146.42
17.01.2013,147.7
18.01.2013,148.42
21.01.2013,147.74
22.01.2013,145.84
23.01.2013,146.67
24.01.2013,146.14
25.01.2013,146.4
28.01.2013,147.22
29.01.2013,145.91
30.01.2013,143.85
31.01.2013,142.09
01.02.2013,142.28
04.02.2013,141.47
05.02.2013,141.37
06.02.2013,139.91
07.02.2013,138.91
08.02.2013,137.68
11.02.2013,135.29
12.02.2013,133.3
13.02.2013,137.15
14.02.2013,134.2
15.02.2013,133.99
18.02.2013,135.9
19.02.2013,137.55
20.02.2013,137.06
21.02.2013,136
22.02.2013,136.81
25.02.2013,138.03
26.02.2013,136.5
27.02.2013,137.6
28.02.2013,137.4
01.03.2013,134.75
04.03.2013,133.03
05.03.2013,136.45
06.03.2013,134.85
07.03.2013,133.73
11.03.2013,136.6
12.03.2013,137.25
13.03.2013,140.56
14.03.2013,142.08
15.03.2013,144.5
18.03.2013,144.28
19.03.2013,142.34
20.03.2013,142.09
21.03.2013,142.32
22.03.2013,140.18
25.03.2013,138.6
26.03.2013,136.58
27.03.2013,136.36
28.03.2013,133.17
29.03.2013,134.08
01.04.2013,132.85
02.04.2013,130.81
03.04.2013,130.38
04.04.2013,131.29
05.04.2013,130.5
08.04.2013,129.01
09.04.2013,130.42
10.04.2013,129.53
11.04.2013,126.08
12.04.2013,126.7
15.04.2013,125.95
16.04.2013,124.15
17.04.2013,121.8
18.04.2013,120.45
19.04.2013,120.11
22.04.2013,119.9
23.04.2013,120.17
24.04.2013,124.7
25.04.2013,122.96
26.04.2013,122.82
29.04.2013,122.5
30.04.2013,124.15
02.05.2013,122.96
03.05.2013,128.7
06.05.2013,129.38
07.05.2013,130.55
08.05.2013,131.81
10.05.2013,132.89
13.05.2013,129.8
14.05.2013,125.54
15.05.2013,122.3
16.05.2013,122.81
17.05.2013,125.49
20.05.2013,126.4
21.05.2013,126.95
22.05.2013,127.39
23.05.2013,121.6
24.05.2013,120
27.05.2013,119.68
28.05.2013,120.87
29.05.2013,118.63
30.05.2013,119.81
31.05.2013,123.4
03.06.2013,120.75
04.06.2013,119.49
05.06.2013,118.22
06.06.2013,116.98
07.06.2013,117.25
10.06.2013,116.5
11.06.2013,111.91
13.06.2013,109.91
14.06.2013,109.8
17.06.2013,111.42
18.06.2013,112.98
19.06.2013,111.21
20.06.2013,108.24
21.06.2013,109.6
24.06.2013,107.23
25.06.2013,108.56
26.06.2013,110.05
27.06.2013,107.6
28.06.2013,109.1
01.07.2013,109.08
02.07.2013,109.2
03.07.2013,109.2
04.07.2013,113.17
05.07.2013,113.57
08.07.2013,114
09.07.2013,114.15
10.07.2013,113.6
11.07.2013,117.29
12.07.2013,121.85
15.07.2013,122.78
16.07.2013,124.78
17.07.2013,131.3
18.07.2013,130.21
19.07.2013,129.53
22.07.2013,128.85
23.07.2013,128.5
24.07.2013,127.17
25.07.2013,127.81
26.07.2013,128.84
29.07.2013,129.4
30.07.2013,129.6
31.07.2013,128.61
01.08.2013,130.21
02.08.2013,128.45
05.08.2013,128.87
06.08.2013,126.1
07.08.2013,124.86
08.08.2013,125.18
09.08.2013,128.24
12.08.2013,129.03
13.08.2013,132.18
14.08.2013,134.52
15.08.2013,131.05
16.08.2013,130.79
19.08.2013,132.45
20.08.2013,132.68
21.08.2013,132.2
22.08.2013,134.11
23.08.2013,133.1
26.08.2013,132.61
27.08.2013,131.76
28.08.2013,132.29
29.08.2013,131.7
30.08.2013,131.9
02.09.2013,131.45
03.09.2013,131.5
04.09.2013,132.01
05.09.2013,140
06.09.2013,141.97
09.09.2013,147.4
10.09.2013,146.37
11.09.2013,146.5
12.09.2013,144.84
13.09.2013,142.35
16.09.2013,145.52
17.09.2013,146.05
18.09.2013,144.09
19.09.2013,148.13
20.09.2013,147.71
23.09.2013,145.99
24.09.2013,144.6
25.09.2013,145.8
26.09.2013,145.9
27.09.2013,145.07
30.09.2013,144.15
01.10.2013,145.71
02.10.2013,143.35
03.10.2013,142.26
04.10.2013,144.85
07.10.2013,147
08.10.2013,151.97
09.10.2013,151.29
10.10.2013,153.11
11.10.2013,153.22
14.10.2013,152.71
15.10.2013,156.3
16.10.2013,157.88
17.10.2013,154.99
18.10.2013,157.1
21.10.2013,156.05
22.10.2013,154
23.10.2013,150.25
24.10.2013,150.5
25.10.2013,150.08
28.10.2013,150.33
29.10.2013,150.92
30.10.2013,150.89
31.10.2013,150.4
01.11.2013,150.44
05.11.2013,148.68
06.11.2013,147.26
07.11.2013,150.32
08.11.2013,147.55
11.11.2013,144.82
12.11.2013,146.51
13.11.2013,143.03
14.11.2013,146.58
15.11.2013,147.14
18.11.2013,149.64
19.11.2013,148.85
20.11.2013,150.3
21.11.2013,148.23
22.11.2013,149.59
25.11.2013,147.93
26.11.2013,143.28
27.11.2013,142.01
28.11.2013,142.38
29.11.2013,143.1
02.12.2013,141.51
03.12.2013,138.6
04.12.2013,136.26
05.12.2013,135.25
06.12.2013,137.48
09.12.2013,138.43
10.12.2013,137.61
11.12.2013,137.04
12.12.2013,134.16
13.12.2013,133.38
16.12.2013,136.5
17.12.2013,138.55
18.12.2013,139.87
19.12.2013,140.45
20.12.2013,141.5
23.12.2013,141.64
24.12.2013,141.66
25.12.2013,140.77
26.12.2013,140.43
27.12.2013,139.01
30.12.2013,138.75
06.01.2014,135.47
08.01.2014,137.33
09.01.2014,138.68
10.01.2014,139.69
13.01.2014,139.08
14.01.2014,137.44
15.01.2014,137.44
16.01.2014,137.36
17.01.2014,137.22
20.01.2014,139.75
21.01.2014,145.7
22.01.2014,145.96
23.01.2014,145.75
24.01.2014,146.72
27.01.2014,147.64
28.01.2014,147.01
29.01.2014,147.9
30.01.2014,147.32
31.01.2014,145.16
03.02.2014,141.72
04.02.2014,141.15
05.02.2014,141.97
06.02.2014,143.48
07.02.2014,146.42
10.02.2014,146.89
11.02.2014,147.6
12.02.2014,148.47
13.02.2014,145.9
14.02.2014,148.84
17.02.2014,151.3
18.02.2014,152.75
19.02.2014,147.64
20.02.2014,148.4
21.02.2014,149.17
24.02.2014,149.23
25.02.2014,146.21
26.02.2014,143.49
27.02.2014,140.65
28.02.2014,139.2
03.03.2014,119.86
04.03.2014,129.35
05.03.2014,125.45
06.03.2014,123.62
07.03.2014,124.01
11.03.2014,120.9
12.03.2014,119.06
13.03.2014,118.7
14.03.2014,118.6
17.03.2014,120.46
18.03.2014,127.4
19.03.2014,125.55
20.03.2014,126.21
21.03.2014,124.71
24.03.2014,123.6
25.03.2014,127.93
26.03.2014,133
27.03.2014,130.83
28.03.2014,132.9
31.03.2014,135.5
01.04.2014,135.89
02.04.2014,134.9
03.04.2014,134.5
04.04.2014,137.47
07.04.2014,133.99
08.04.2014,133.25
09.04.2014,132.31
10.04.2014,134.82
11.04.2014,134
14.04.2014,131
15.04.2014,127.75
16.04.2014,129
17.04.2014,129.82
18.04.2014,133.9
21.04.2014,132.68
22.04.2014,131.7
23.04.2014,130.5
24.04.2014,126.69
25.04.2014,125.4
28.04.2014,128.12
29.04.2014,128.3
30.04.2014,128.77
02.05.2014,127
05.05.2014,126
06.05.2014,129.49
07.05.2014,134.1
08.05.2014,135.63
12.05.2014,135.71
13.05.2014,138.46
14.05.2014,139.87
15.05.2014,141.15
16.05.2014,144.29
19.05.2014,148.05
20.05.2014,145.35
21.05.2014,146.58
22.05.2014,144.78
23.05.2014,144.3
26.05.2014,145.8
27.05.2014,142.4
28.05.2014,141.3
29.05.2014,144.2
30.05.2014,141.7
02.06.2014,144.11
03.06.2014,144.19
04.06.2014,144.04
05.06.2014,142.75
06.06.2014,143.97
09.06.2014,144.4
10.06.2014,144.75
11.06.2014,146.4
16.06.2014,145.2
17.06.2014,144.77
18.06.2014,145
19.06.2014,145.2
20.06.2014,145.6
23.06.2014,147.17
24.06.2014,153.25
25.06.2014,149.26
26.06.2014,147.44
27.06.2014,149.39
30.06.2014,148.96
01.07.2014,148.97
02.07.2014,151.95
03.07.2014,152.3
04.07.2014,149.13
07.07.2014,150.31
08.07.2014,151.43
09.07.2014,150.4
10.07.2014,148.79
11.07.2014,148.15
14.07.2014,147.5
15.07.2014,146.52
16.07.2014,142.5
17.07.2014,140
18.07.2014,139.26
21.07.2014,136.01
22.07.2014,137.75
23.07.2014,136.29
24.07.2014,136.9
25.07.2014,135.12
28.07.2014,132
29.07.2014,131.31
30.07.2014,133.4
31.07.2014,132
01.08.2014,131.5
04.08.2014,129.5
05.08.2014,126.57
06.08.2014,124.7
07.08.2014,126.92
08.08.2014,126.55
11.08.2014,128.3
12.08.2014,128
13.08.2014,131
14.08.2014,131.41
15.08.2014,132.67
18.08.2014,134.29
19.08.2014,136.2
20.08.2014,136.7
21.08.2014,136.49
22.08.2014,135
25.08.2014,136.09
26.08.2014,135
27.08.2014,135.51
28.08.2014,133.8
29.08.2014,131.95
01.09.2014,132.32
02.09.2014,133.32
03.09.2014,138.26
04.09.2014,138.15
05.09.2014,139
08.09.2014,139
09.09.2014,139.02
10.09.2014,139.2
11.09.2014,136.65
12.09.2014,137.56
15.09.2014,136
16.09.2014,138.56
17.09.2014,137
18.09.2014,138.2
19.09.2014,135.99
22.09.2014,135.05
23.09.2014,136.5
24.09.2014,137.8
25.09.2014,136.92
26.09.2014,137.11
29.09.2014,135.77
30.09.2014,137.9
01.10.2014,137.26
02.10.2014,134.25
03.10.2014,135.8
06.10.2014,138.9
07.10.2014,137.1
08.10.2014,134.61
09.10.2014,135.64
10.10.2014,133.21
13.10.2014,135.25
14.10.2014,135.5
15.10.2014,134.5
16.10.2014,132.41
17.10.2014,134.6
20.10.2014,134.1
21.10.2014,134
22.10.2014,133.5
23.10.2014,133.5
24.10.2014,133.99
27.10.2014,134.07
28.10.2014,135.75
29.10.2014,138.5
30.10.2014,139.5
31.10.2014,141.5
03.11.2014,143.39
05.11.2014,143.2
06.11.2014,144.1
07.11.2014,144.5
10.11.2014,145.22
11.11.2014,143.71
12.11.2014,143.57
13.11.2014,141.84
14.11.2014,142.49
17.11.2014,142.67
18.11.2014,143.2
19.11.2014,143.98
20.11.2014,144.48
21.11.2014,145.01
24.11.2014,144.7
25.11.2014,144.13
26.11.2014,145.5
27.11.2014,143.19
28.11.2014,142.86
01.12.2014,144.1
02.12.2014,144.91
03.12.2014,146.23
04.12.2014,144.5
05.12.2014,140.5
08.12.2014,135.05
09.12.2014,135.24
10.12.2014,136.09
11.12.2014,134.01
12.12.2014,134.49
15.12.2014,130.4
16.12.2014,131.4
17.12.2014,131
18.12.2014,137
19.12.2014,138.7
22.12.2014,136.49
23.12.2014,133.4
24.12.2014,134.28
25.12.2014,134.8
26.12.2014,134.6
29.12.2014,135.5
30.12.2014,130.31
05.01.2015,133.95
06.01.2015,138.92
08.01.2015,146.46
09.01.2015,141.7
12.01.2015,140.22
13.01.2015,142.64
14.01.2015,146.3
15.01.2015,147
16.01.2015,149.6
19.01.2015,148.11
20.01.2015,145.75
21.01.2015,148.8
22.01.2015,151.5
23.01.2015,152.83
26.01.2015,148
27.01.2015,150.9
28.01.2015,147.7
29.01.2015,145
30.01.2015,143.82
02.02.2015,138.18
03.02.2015,140.35
04.02.2015,142.6
05.02.2015,147.6
06.02.2015,151.6
09.02.2015,149.3
10.02.2015,149.31
11.02.2015,150.55
12.02.2015,157.7
13.02.2015,162.4
16.02.2015,160.19
17.02.2015,159.2
18.02.2015,163
19.02.2015,160.9
20.02.2015,158
24.02.2015,154.99
25.02.2015,150.7
26.02.2015,151.65
27.02.2015,152.95
02.03.2015,155.5
03.03.2015,159
04.03.2015,154
05.03.2015,154.8
06.03.2015,152.12
10.03.2015,148.05
11.03.2015,145.99
12.03.2015,144.7
13.03.2015,141.8
16.03.2015,139.75
17.03.2015,139.7
18.03.2015,140.25
19.03.2015,136.81
20.03.2015,136
23.03.2015,134.61
24.03.2015,137.15
25.03.2015,134.9
26.03.2015,132.2
27.03.2015,134.88
30.03.2015,137
31.03.2015,138.9
01.04.2015,143
02.04.2015,143.9
03.04.2015,143.94
06.04.2015,145.7
07.04.2015,146.2
08.04.2015,147.27
09.04.2015,148.1
10.04.2015,148
13.04.2015,148.8
14.04.2015,144.4
15.04.2015,150.1
16.04.2015,152.4
17.04.2015,149.3
20.04.2015,153.96
21.04.2015,155.35
22.04.2015,150.8
23.04.2015,150.15
24.04.2015,153.89
27.04.2015,152.05
28.04.2015,152.79
29.04.2015,152.5
30.04.2015,153.5
05.05.2015,156.33
06.05.2015,155.25
07.05.2015,152.1
08.05.2015,155.52
12.05.2015,154.2
13.05.2015,151.74
14.05.2015,151.8
15.05.2015,152.98
18.05.2015,151.9
19.05.2015,149.85
20.05.2015,146.35
21.05.2015,147.16
22.05.2015,148.8
25.05.2015,146.69
26.05.2015,145.25
27.05.2015,147.66
28.05.2015,146.11
29.05.2015,139
01.06.2015,139.4
02.06.2015,140.75
03.06.2015,140.71
04.06.2015,140.2
05.06.2015,142.4
08.06.2015,142.66
09.06.2015,146.17
10.06.2015,145.6
11.06.2015,145.4
15.06.2015,144.95
16.06.2015,146
17.06.2015,147.6
18.06.2015,147.15
19.06.2015,147.15
22.06.2015,148.5
23.06.2015,146.25
24.06.2015,146.68
25.06.2015,143.7
26.06.2015,145.18
29.06.2015,143.59
30.06.2015,145.85
01.07.2015,145.5
02.07.2015,145.8
03.07.2015,144.33
06.07.2015,143
07.07.2015,142.5
08.07.2015,141.5
09.07.2015,143.77
10.07.2015,143.9
13.07.2015,145.27
14.07.2015,146.5
15.07.2015,142.7
16.07.2015,144.2
17.07.2015,143.6
20.07.2015,141.78
21.07.2015,141.41
22.07.2015,140.8
23.07.2015,138.37
24.07.2015,136.41
27.07.2015,134.51
28.07.2015,135.05
29.07.2015,138.7
30.07.2015,139.8
31.07.2015,142.5
03.08.2015,141.45
04.08.2015,141.89
05.08.2015,143.78
06.08.2015,140.88
07.08.2015,141.34
10.08.2015,141.5
11.08.2015,141.97
12.08.2015,142.99
13.08.2015,143.7
14.08.2015,144.8
17.08.2015,144.25
18.08.2015,142.65
19.08.2015,140.8
20.08.2015,142.64
21.08.2015,140.29
24.08.2015,135.35
25.08.2015,140.4
26.08.2015,140.51
27.08.2015,144.6
28.08.2015,146.6
31.08.2015,148.19
01.09.2015,144.5
02.09.2015,142.57
03.09.2015,145.3
04.09.2015,142.8
07.09.2015,141.67
08.09.2015,143.21
09.09.2015,144.22
10.09.2015,142.99
11.09.2015,142.4
14.09.2015,143.58
15.09.2015,141.95
16.09.2015,142.91
17.09.2015,142.8
18.09.2015,139.5
21.09.2015,139.45
22.09.2015,136.4
23.09.2015,134.3
24.09.2015,132.2
25.09.2015,133.85
28.09.2015,130.9
29.09.2015,133.2
30.09.2015,134.55
01.10.2015,132.9
02.10.2015,131.5
05.10.2015,136.8
06.10.2015,137.87
07.10.2015,140
08.10.2015,139.8
09.10.2015,143.81
12.10.2015,141.7
13.10.2015,141.8
14.10.2015,142.01
15.10.2015,142.61
16.10.2015,141
19.10.2015,140.27
20.10.2015,140.4
21.10.2015,139.49
22.10.2015,139.25
23.10.2015,138.94
26.10.2015,138.5
27.10.2015,138.5
28.10.2015,138.1
29.10.2015,136.11
30.10.2015,135.75
02.11.2015,137.8
03.11.2015,141.75
05.11.2015,140.97
06.11.2015,137.75
09.11.2015,136.5
10.11.2015,135.58
11.11.2015,135
12.11.2015,136.6
13.11.2015,136
16.11.2015,137.21
17.11.2015,142.75
18.11.2015,147.47
19.11.2015,147.5
20.11.2015,148.05
23.11.2015,152
24.11.2015,145.65
25.11.2015,143.99
26.11.2015,143.2
27.11.2015,140.65
30.11.2015,138
01.12.2015,137.42
02.12.2015,136.85
03.12.2015,140
04.12.2015,137.7
07.12.2015,134.5
08.12.2015,134.65
09.12.2015,135.81
10.12.2015,135.6
11.12.2015,133.8
14.12.2015,131.59
15.12.2015,134.4
16.12.2015,134.5
17.12.2015,137.9
18.12.2015,132.25
21.12.2015,131.5
22.12.2015,133.2
23.12.2015,135.3
24.12.2015,136
25.12.2015,134.48
28.12.2015,134.97
29.12.2015,137.49
30.12.2015,136.09
04.01.2016,134.91
05.01.2016,136.45
06.01.2016,135.94
11.01.2016,131.38
12.01.2016,133.54
13.01.2016,131.3
14.01.2016,130.86
15.01.2016,125.1
18.01.2016,124.6
19.01.2016,125.98
20.01.2016,125.83
21.01.2016,127.75
22.01.2016,132.4
25.01.2016,133
26.01.2016,131.89
27.01.2016,134
28.01.2016,136.5
29.01.2016,136.6
01.02.2016,133.9
02.02.2016,132.5
03.02.2016,131.01
04.02.2016,135.07
05.02.2016,134.43
08.02.2016,133.5
09.02.2016,132.7
10.02.2016,133.03
11.02.2016,130.49
12.02.2016,131.3
15.02.2016,133.43
16.02.2016,135.85
17.02.2016,137.1
18.02.2016,138
19.02.2016,136.9
20.02.2016,136.59
22.02.2016,139.9
24.02.2016,137.15
25.02.2016,137.97
26.02.2016,138.67
29.02.2016,141.4
01.03.2016,142
02.03.2016,140.14
03.03.2016,144.5
04.03.2016,146.16
07.03.2016,150.15
09.03.2016,147.43
10.03.2016,146.94
11.03.2016,144.3
14.03.2016,143.2
15.03.2016,142.54
16.03.2016,144.75
17.03.2016,147.27
18.03.2016,150.65
21.03.2016,149.9
22.03.2016,149.62
23.03.2016,146
24.03.2016,145.8
25.03.2016,146.04
28.03.2016,145.1
29.03.2016,144.7
30.03.2016,147.8
31.03.2016,147.75
01.04.2016,147.2
04.04.2016,146.38
05.04.2016,144.34
06.04.2016,144.2
07.04.2016,143.89
08.04.2016,145.7
11.04.2016,147.3
12.04.2016,148.9
13.04.2016,153.12
14.04.2016,150.43
15.04.2016,147.99
18.04.2016,146.3
19.04.2016,155.95
20.04.2016,161.95
21.04.2016,161.8
22.04.2016,161.2
25.04.2016,160.3
26.04.2016,163
27.04.2016,160.99
28.04.2016,164.75
29.04.2016,168.47
04.05.2016,162.4
05.05.2016,160.5
06.05.2016,159.27
10.05.2016,156.85
11.05.2016,159.45
12.05.2016,159.03
13.05.2016,159.85
16.05.2016,158.07
17.05.2016,153.58
18.05.2016,152.1
19.05.2016,148.33
20.05.2016,146.7
23.05.2016,144.31
24.05.2016,146.35
25.05.2016,146.55
26.05.2016,148.87
27.05.2016,149.88
30.05.2016,149.6
31.05.2016,145.5
01.06.2016,144.7
02.06.2016,144
03.06.2016,143.41
06.06.2016,146.4
07.06.2016,147.75
08.06.2016,146.95
09.06.2016,144.98
10.06.2016,142.44
14.06.2016,141.84
15.06.2016,141.57
16.06.2016,139.5
17.06.2016,139.32
20.06.2016,142.97
21.06.2016,143.54
22.06.2016,143
23.06.2016,144.2
24.06.2016,141.25
27.06.2016,138.52
28.06.2016,139.24
29.06.2016,140
30.06.2016,139.51
01.07.2016,140.05
04.07.2016,141.6
05.07.2016,140.95
06.07.2016,139.99
07.07.2016,140.37
08.07.2016,140.27
11.07.2016,141.4
12.07.2016,142.12
13.07.2016,143.6
14.07.2016,144.2
15.07.2016,147.37
18.07.2016,145.84
19.07.2016,139.48
20.07.2016,139.26
21.07.2016,140.1
22.07.2016,140.6
25.07.2016,140.7
26.07.2016,140.69
27.07.2016,139.5
28.07.2016,139.9
29.07.2016,137.3
01.08.2016,136.93
02.08.2016,134.5
03.08.2016,134.04
04.08.2016,136.7
05.08.2016,135.5
08.08.2016,137.47
09.08.2016,137.34
10.08.2016,137.4
11.08.2016,137.19
12.08.2016,137.83
15.08.2016,138
16.08.2016,137.99
17.08.2016,137.68
18.08.2016,138.4
19.08.2016,136.8
22.08.2016,137.8
23.08.2016,137.37
24.08.2016,137
25.08.2016,135.42
26.08.2016,136.2
29.08.2016,136.2
30.08.2016,135.59
31.08.2016,134.95
01.09.2016,134.99
02.09.2016,135.55
05.09.2016,136.05
06.09.2016,141.4
07.09.2016,143.08
08.09.2016,141.45
09.09.2016,138.54
12.09.2016,138.93
13.09.2016,138.45
14.09.2016,139.35
15.09.2016,137.6
16.09.2016,136.47
19.09.2016,136.59
20.09.2016,137
21.09.2016,136.25
22.09.2016,136.7
23.09.2016,136.7
26.09.2016,135.26
27.09.2016,133.92
28.09.2016,134.09
29.09.2016,135.31
30.09.2016,134.9
03.10.2016,135.37
04.10.2016,136.23
05.10.2016,134.8
06.10.2016,135.9
07.10.2016,136.1
10.10.2016,139.1
11.10.2016,138.98
12.10.2016,138.07
13.10.2016,137.47
14.10.2016,136.2
17.10.2016,135.57
18.10.2016,135.81
19.10.2016,135.49
20.10.2016,134.72
21.10.2016,134.96
24.10.2016,135.05
25.10.2016,135.3
26.10.2016,135.32
27.10.2016,135.04
28.10.2016,135
31.10.2016,138.84
01.11.2016,141.98
02.11.2016,140.81
03.11.2016,139.9
07.11.2016,138.5
08.11.2016,139.32
09.11.2016,145.62
10.11.2016,147.4
11.11.2016,147.88
14.11.2016,146.26
15.11.2016,145.9
16.11.2016,145.5
17.11.2016,147.7
18.11.2016,146.96
21.11.2016,149.6
22.11.2016,150
23.11.2016,149.49
24.11.2016,151.11
25.11.2016,151.31
28.11.2016,148.94
29.11.2016,147.75
30.11.2016,148.8
01.12.2016,152.81
02.12.2016,152.35
05.12.2016,153.78
06.12.2016,151.5
07.12.2016,151.95
08.12.2016,153.05
09.12.2016,152.99
12.12.2016,158.63
13.12.2016,158.95
14.12.2016,157.2
15.12.2016,158.25
16.12.2016,156.2
19.12.2016,154.6
20.12.2016,155.3
21.12.2016,153.06
22.12.2016,150.27
23.12.2016,149.05
26.12.2016,148.95
27.12.2016,150.38
28.12.2016,151
29.12.2016,152.62
30.12.2016,154.55
03.01.2017,157.7
04.01.2017,157.44
05.01.2017,154
06.01.2017,154.1
09.01.2017,154.4
10.01.2017,157.97
11.01.2017,157.01
12.01.2017,157.25
13.01.2017,157.95
16.01.2017,155.81
17.01.2017,153.65
18.01.2017,152.86
19.01.2017,150.85
20.01.2017,149.7
23.01.2017,148.1
24.01.2017,150.15
25.01.2017,147.65
26.01.2017,150.49
27.01.2017,154.09
30.01.2017,150.8
31.01.2017,149.8
01.02.2017,149.65
02.02.2017,148.8
03.02.2017,149.35
06.02.2017,148.5
07.02.2017,148.7
08.02.2017,145.2
09.02.2017,142.11
10.02.2017,140.5
13.02.2017,141.2
14.02.2017,140.62
15.02.2017,139.72
16.02.2017,139.16
17.02.2017,138.12
20.02.2017,138.5
21.02.2017,138.35
22.02.2017,136.68
24.02.2017,136.75
27.02.2017,135.07
28.02.2017,134
01.03.2017,133.85
02.03.2017,131.3
03.03.2017,134.8
06.03.2017,134.6
07.03.2017,132.89
09.03.2017,129
10.03.2017,128.78
13.03.2017,129.93
14.03.2017,128.8
15.03.2017,127.6
16.03.2017,128.05
17.03.2017,128.94
20.03.2017,128.79
21.03.2017,129.3
22.03.2017,131.65
23.03.2017,130.99
24.03.2017,130.05
27.03.2017,128.8
28.03.2017,129.2
29.03.2017,128.81
30.03.2017,128.49
31.03.2017,127.9
03.04.2017,127.21
04.04.2017,128.81
05.04.2017,130.69
06.04.2017,130.5
07.04.2017,128.72
10.04.2017,126.16
11.04.2017,126
12.04.2017,125.05
13.04.2017,124.54
14.04.2017,122.85
17.04.2017,123.7
18.04.2017,122.22
19.04.2017,121.55
20.04.2017,121.99
21.04.2017,123
24.04.2017,128
25.04.2017,130.2
26.04.2017,133.43
27.04.2017,133.41
28.04.2017,136.75
02.05.2017,136.52
03.05.2017,135.81
04.05.2017,134.93
05.05.2017,134.41
10.05.2017,134.19
11.05.2017,131.1
12.05.2017,132.5
15.05.2017,131.5
16.05.2017,131.13
17.05.2017,132.07
18.05.2017,126.9
19.05.2017,124.19
22.05.2017,122.52
23.05.2017,123.23
24.05.2017,122
25.05.2017,121.61
26.05.2017,122.2
29.05.2017,123.11
30.05.2017,122.1
31.05.2017,120.28
01.06.2017,118
02.06.2017,119.69
05.06.2017,119
06.06.2017,119.05
07.06.2017,118.92
08.06.2017,119.3
09.06.2017,120.5
13.06.2017,118.15
14.06.2017,115.35
15.06.2017,115.49
16.06.2017,116.02
19.06.2017,117.33
20.06.2017,117.44
21.06.2017,117.97
22.06.2017,119.55
23.06.2017,119.1
26.06.2017,118.67
27.06.2017,119.35
28.06.2017,119.7
29.06.2017,119.16
30.06.2017,118.49
03.07.2017,119.86
04.07.2017,122.73
05.07.2017,122.7
06.07.2017,122.68
07.07.2017,123
10.07.2017,124.25
11.07.2017,124.78
12.07.2017,124.87
13.07.2017,125.55
14.07.2017,125
17.07.2017,125.14
18.07.2017,124.49
19.07.2017,120.11
20.07.2017,120.6
21.07.2017,118.95
24.07.2017,119.17
25.07.2017,118.4
26.07.2017,119
27.07.2017,118.68
28.07.2017,116.9
31.07.2017,116.1
01.08.2017,117.99
02.08.2017,119.09
03.08.2017,119.58
04.08.2017,119.45
07.08.2017,119.5
08.08.2017,119.67
09.08.2017,118.68
10.08.2017,118.05
11.08.2017,116.93
14.08.2017,117.4
15.08.2017,117.59
16.08.2017,116.75
17.08.2017,116.22
18.08.2017,116
21.08.2017,115.92
22.08.2017,116
23.08.2017,115.75
24.08.2017,116.56
25.08.2017,117.85
28.08.2017,118.75
29.08.2017,118.3
30.08.2017,118.2
31.08.2017,117.97
01.09.2017,117.4
04.09.2017,117
05.09.2017,116
06.09.2017,117.14
07.09.2017,117.95
08.09.2017,120.34
11.09.2017,121
12.09.2017,121.99
13.09.2017,123.55
14.09.2017,123.33
15.09.2017,122.5
18.09.2017,122.72
19.09.2017,121.75
20.09.2017,122.25
21.09.2017,122.34
22.09.2017,121.95
25.09.2017,123.03
26.09.2017,123.03
27.09.2017,123.36
28.09.2017,122.5
29.09.2017,122.2
02.10.2017,121.9
03.10.2017,120.78
04.10.2017,121.76
05.10.2017,123.5
06.10.2017,123.47
09.10.2017,124.81
10.10.2017,124.44
11.10.2017,126
12.10.2017,125.93
13.10.2017,126.86
16.10.2017,127.17
17.10.2017,125.15
18.10.2017,126.7
19.10.2017,125.5
20.10.2017,126.7
23.10.2017,126.8
24.10.2017,126.02
25.10.2017,125
26.10.2017,124.2
27.10.2017,125.94
30.10.2017,125.98
31.10.2017,125.9
01.11.2017,126.5
02.11.2017,125.67
03.11.2017,125.9
07.11.2017,132.28
08.11.2017,132.3
09.11.2017,131.5
10.11.2017,132.5
13.11.2017,133.32
14.11.2017,132.93
15.11.2017,131.21
16.11.2017,129.2
17.11.2017,129.65
20.11.2017,129.96
21.11.2017,132.49
22.11.2017,132.57
23.11.2017,131.6
24.11.2017,133.57
27.11.2017,133.5
28.11.2017,135.18
29.11.2017,133.55
30.11.2017,132.15
01.12.2017,133.02
04.12.2017,133.77
05.12.2017,133.65
06.12.2017,134
07.12.2017,133.02
08.12.2017,132.6
11.12.2017,134.65
12.12.2017,135.5
13.12.2017,135.56
14.12.2017,135.91
15.12.2017,135.5
18.12.2017,134.25
19.12.2017,133.96
20.12.2017,132.5
21.12.2017,131.7
22.12.2017,132.42
25.12.2017,131.96
26.12.2017,131.2
27.12.2017,130.99
28.12.2017,130.53
29.12.2017,130.5
03.01.2018,132.2
04.01.2018,135.89
05.01.2018,137.12
09.01.2018,140
10.01.2018,143.43
11.01.2018,144.58
12.01.2018,143.99
15.01.2018,142.99
16.01.2018,145.29
17.01.2018,148.7
18.01.2018,150.35
19.01.2018,149.13
22.01.2018,150.3
23.01.2018,148.8
24.01.2018,149.7
25.01.2018,149.8
26.01.2018,147.19
29.01.2018,144.75
30.01.2018,143.5
31.01.2018,143.36
01.02.2018,145.39
02.02.2018,144
05.02.2018,144.53
06.02.2018,141.59
07.02.2018,141
08.02.2018,137.2
09.02.2018,135.56
12.02.2018,137.3
13.02.2018,139.85
14.02.2018,138.89
15.02.2018,137.06
16.02.2018,137.06
19.02.2018,138.31
20.02.2018,141.32
21.02.2018,144
22.02.2018,145.97
26.02.2018,147
27.02.2018,146.5
28.02.2018,143.16
01.03.2018,140.1
02.03.2018,138.57
05.03.2018,141.6
06.03.2018,140.59
07.03.2018,138.56
09.03.2018,139.81
12.03.2018,141.35
13.03.2018,142.75
14.03.2018,138.8
15.03.2018,138.25
16.03.2018,141
19.03.2018,139.91
20.03.2018,142.45
21.03.2018,141.51
22.03.2018,139.5
23.03.2018,142
26.03.2018,138.27
27.03.2018,140.8
28.03.2018,140.47
29.03.2018,142.8
30.03.2018,142.33
02.04.2018,140.32
03.04.2018,141.13
04.04.2018,140.18
05.04.2018,140.5
06.04.2018,141.5
09.04.2018,135.01
10.04.2018,141.8
11.04.2018,145.27
12.04.2018,145.99
13.04.2018,142.58
16.04.2018,141.5
17.04.2018,142.4
18.04.2018,144.75
19.04.2018,143.4
20.04.2018,144.4
23.04.2018,143.99
24.04.2018,144.14
25.04.2018,142.7
26.04.2018,145.48
27.04.2018,144.5
28.04.2018,144.3
30.04.2018,145.93
02.05.2018,144.94
03.05.2018,142.7
04.05.2018,143.73
07.05.2018,144.05
08.05.2018,145.48
10.05.2018,146.38
11.05.2018,150.7
14.05.2018,150.98
15.05.2018,149.2
16.05.2018,148.59
17.05.2018,147.15
18.05.2018,145.65
21.05.2018,146.76
22.05.2018,146.5
23.05.2018,146.06
24.05.2018,145.27
25.05.2018,145.09
28.05.2018,145.09
29.05.2018,143.9
30.05.2018,143.26
31.05.2018,145
01.06.2018,144
04.06.2018,146.44
05.06.2018,146
06.06.2018,146.9
07.06.2018,146.05
08.06.2018,143.05
09.06.2018,144.08
11.06.2018,142.28
13.06.2018,141
14.06.2018,139.4
15.06.2018,137.73
18.06.2018,136.52
19.06.2018,135.5
20.06.2018,136.91
21.06.2018,134.4
22.06.2018,136.76
25.06.2018,137.1
26.06.2018,138.07
27.06.2018,139
28.06.2018,138.76
29.06.2018,141.01
02.07.2018,144
03.07.2018,142.49
04.07.2018,142.24
05.07.2018,145.55
06.07.2018,144.96
09.07.2018,148
10.07.2018,147.3
11.07.2018,144.77
12.07.2018,145.08
13.07.2018,146.87
16.07.2018,147
17.07.2018,145.31
18.07.2018,138.29
19.07.2018,137.58
20.07.2018,136.47
23.07.2018,138.37
24.07.2018,138.85
25.07.2018,138.21
26.07.2018,138.18
27.07.2018,137.99
30.07.2018,138.9
31.07.2018,143.79
01.08.2018,142.14
02.08.2018,140.36
03.08.2018,142.39
06.08.2018,141.34
07.08.2018,142.74
08.08.2018,144.1
09.08.2018,145.2
10.08.2018,144.8
13.08.2018,142.9
14.08.2018,141.24
15.08.2018,141.5
16.08.2018,140.88
17.08.2018,141.01
20.08.2018,141.51
21.08.2018,143.3
22.08.2018,144.16
23.08.2018,141.5
24.08.2018,143.6
27.08.2018,144.52
28.08.2018,145.6
29.08.2018,147.88
30.08.2018,145.98
31.08.2018,149.95
03.09.2018,148.73
04.09.2018,147.4
05.09.2018,147.06
06.09.2018,147.06
07.09.2018,148.8
10.09.2018,150.75
11.09.2018,152.36
12.09.2018,155.05
13.09.2018,153.5
14.09.2018,152.15
17.09.2018,155.46
18.09.2018,157.08
19.09.2018,157.39
20.09.2018,154.35
21.09.2018,158.64
24.09.2018,159
25.09.2018,160.84
26.09.2018,159.27
27.09.2018,161.8
28.09.2018,162.61
01.10.2018,161.89
02.10.2018,162.59
03.10.2018,169.47
04.10.2018,168.5
05.10.2018,170.5
08.10.2018,171.81
09.10.2018,172.11
10.10.2018,166.2
11.10.2018,161.92
12.10.2018,167
15.10.2018,164
16.10.2018,165.99
17.10.2018,164.56
18.10.2018,160.18
19.10.2018,161.32
22.10.2018,155.7
23.10.2018,153.61
24.10.2018,154.7
25.10.2018,155.65
26.10.2018,152.5
29.10.2018,152.52
30.10.2018,151.3
31.10.2018,155.47
01.11.2018,153.5
02.11.2018,153.71
06.11.2018,156
07.11.2018,157.85
08.11.2018,157.51
09.11.2018,153.19
12.11.2018,150.89
13.11.2018,148.83
14.11.2018,151.85
15.11.2018,154.14
16.11.2018,153.16
19.11.2018,154.1
20.11.2018,151.51
21.11.2018,152.4
22.11.2018,153.91
23.11.2018,151.79
26.11.2018,149.53
27.11.2018,153.8
28.11.2018,165.58
29.11.2018,164.99
30.11.2018,161.29
03.12.2018,165.4
04.12.2018,164.2
05.12.2018,164.57
06.12.2018,160.62
07.12.2018,163
10.12.2018,161
11.12.2018,158.6
12.12.2018,155.79
13.12.2018,156.49
14.12.2018,155.4
17.12.2018,153.53
18.12.2018,151.89
19.12.2018,152.98
20.12.2018,152.27
21.12.2018,151.12
24.12.2018,149.73
25.12.2018,147.01
26.12.2018,148.41
27.12.2018,150.68
28.12.2018,153
29.12.2018,153.5
03.01.2019,156.28
04.01.2019,159.15
08.01.2019,158.26
09.01.2019,160.24
10.01.2019,160.2
11.01.2019,161
14.01.2019,160.48
15.01.2019,158.15
16.01.2019,156.9
17.01.2019,157.1
18.01.2019,159.2
21.01.2019,158.3
22.01.2019,158.5
23.01.2019,159.9
24.01.2019,160.9
25.01.2019,162.82
28.01.2019,160.56
29.01.2019,162.95
30.01.2019,165.4
31.01.2019,162.82
01.02.2019,163.33
04.02.2019,163.2
05.02.2019,164.25
06.02.2019,163.21
07.02.2019,160.39
08.02.2019,159.8
11.02.2019,161.29
12.02.2019,163.68
13.02.2019,159.27
14.02.2019,155.15
15.02.2019,159.04
18.02.2019,156.43
19.02.2019,154.03
20.02.2019,154.43
21.02.2019,153.5
22.02.2019,154.64
25.02.2019,154.6
26.02.2019,155.36
27.02.2019,156.4
28.02.2019,158.99
01.03.2019,156.71
04.03.2019,154.4
05.03.2019,153.2
06.03.2019,154.2
07.03.2019,151.9
11.03.2019,151.6
12.03.2019,151.64
13.03.2019,153.3
14.03.2019,152.68
15.03.2019,154.56
18.03.2019,155.84
19.03.2019,155.5
20.03.2019,156.09
21.03.2019,155.33
22.03.2019,152.29
25.03.2019,152.29
26.03.2019,151.12
27.03.2019,149.49
28.03.2019,149.98
29.03.2019,149.61
01.04.2019,154.53
02.04.2019,155
03.04.2019,156.99
04.04.2019,158.89
05.04.2019,158.6
08.04.2019,160.5
09.04.2019,162.7
10.04.2019,162.88
11.04.2019,158.04
12.04.2019,159.12
15.04.2019,158.33
16.04.2019,162.24
17.04.2019,164
18.04.2019,161.79
19.04.2019,162.57
22.04.2019,163.5
23.04.2019,162.42
24.04.2019,160.57
25.04.2019,159.31
26.04.2019,161
29.04.2019,163.93
30.04.2019,163.95
02.05.2019,165.71
03.05.2019,166.31
06.05.2019,165.45
07.05.2019,164.21
08.05.2019,163.57
10.05.2019,163.61
13.05.2019,163
14.05.2019,189.67
15.05.2019,195.61
16.05.2019,202.7
17.05.2019,198.89
20.05.2019,200.8
21.05.2019,207.8
22.05.2019,208.1
23.05.2019,208.86
24.05.2019,204.5
27.05.2019,206.2
28.05.2019,203.13
29.05.2019,207.14
30.05.2019,213.1
31.05.2019,215.1
03.06.2019,235.51
04.06.2019,230.16
05.06.2019,230.01
06.06.2019,231.45
07.06.2019,230.5
10.06.2019,232.1
11.06.2019,234.86
13.06.2019,234.44
14.06.2019,231.51
17.06.2019,229.81
18.06.2019,232.13
19.06.2019,232.46
20.06.2019,232.52
21.06.2019,229.09
24.06.2019,232.38
25.06.2019,232.09
26.06.2019,233.1
27.06.2019,232.6
28.06.2019,232.83
01.07.2019,245.5
02.07.2019,246.65
03.07.2019,251.6
04.07.2019,255.35
05.07.2019,250.89
08.07.2019,248.51
09.07.2019,250.17
10.07.2019,250.21
11.07.2019,247.2
12.07.2019,245.5
15.07.2019,240.3
16.07.2019,238.01
17.07.2019,220.19
18.07.2019,218.3
19.07.2019,216
22.07.2019,217.12
23.07.2019,217.39
24.07.2019,212
25.07.2019,219
26.07.2019,234.23
29.07.2019,236.73
30.07.2019,237.1
31.07.2019,236.9
01.08.2019,234.28
02.08.2019,227.91
05.08.2019,223.61
06.08.2019,226.76
07.08.2019,227.67
08.08.2019,231.21
09.08.2019,229.96
12.08.2019,230.24
13.08.2019,229.87
14.08.2019,227.1
15.08.2019,227.15
16.08.2019,224.71
19.08.2019,226.8
20.08.2019,231.54
21.08.2019,231.22
22.08.2019,232.06
23.08.2019,229.35
26.08.2019,228.9
27.08.2019,227
28.08.2019,228.48
29.08.2019,233.2
30.08.2019,232.15
02.09.2019,233.67
03.09.2019,231.02
04.09.2019,233.71
05.09.2019,236.18
06.09.2019,234.49
09.09.2019,234.85
10.09.2019,233
11.09.2019,235.07
12.09.2019,232.88
13.09.2019,232.5
16.09.2019,234.88
17.09.2019,233.58
18.09.2019,233.46
19.09.2019,230.52
20.09.2019,230.41
23.09.2019,230.36
24.09.2019,227.7
25.09.2019,228.43
26.09.2019,231.97
27.09.2019,229.01
30.09.2019,225.9
01.10.2019,226.49
02.10.2019,223.6
03.10.2019,223.1
04.10.2019,221.66
07.10.2019,226.36
08.10.2019,223.2
09.10.2019,223.18
10.10.2019,224.5
11.10.2019,227.37
14.10.2019,226
15.10.2019,226
16.10.2019,227.7
17.10.2019,228
18.10.2019,228
21.10.2019,228.54
22.10.2019,235.36
23.10.2019,236.2
24.10.2019,243.94
25.10.2019,246.71
28.10.2019,244.4
29.10.2019,253.1
30.10.2019,261.6
31.10.2019,260
01.11.2019,263.79
05.11.2019,263
06.11.2019,266.98
07.11.2019,270.74
08.11.2019,266
11.11.2019,260.4
12.11.2019,257.25
13.11.2019,251.8
14.11.2019,248.34
15.11.2019,248.01
18.11.2019,246.15
19.11.2019,248.01
20.11.2019,248
21.11.2019,254.35
22.11.2019,251.99
25.11.2019,255.2
26.11.2019,254
27.11.2019,253.89
28.11.2019,254
29.11.2019,257.54
02.12.2019,254.05
03.12.2019,247.93
04.12.2019,248.93
05.12.2019,246.36
06.12.2019,247.83
09.12.2019,248.7
10.12.2019,246.9
11.12.2019,247.34
12.12.2019,250.48
13.12.2019,249.5
16.12.2019,250.78
17.12.2019,252.05
18.12.2019,251.29
19.12.2019,251.4
20.12.2019,255.5
23.12.2019,255
24.12.2019,254.87
25.12.2019,253.25
26.12.2019,254.1
27.12.2019,257.11
30.12.2019,256.4
03.01.2020,259
06.01.2020,256.55
08.01.2020,255.79
09.01.2020,254.07
10.01.2020,251.9
13.01.2020,251.5
14.01.2020,250
15.01.2020,251.3
16.01.2020,254.26
17.01.2020,255.39
20.01.2020,253.5
21.01.2020,252.99
22.01.2020,248.1
23.01.2020,239.3
24.01.2020,237.95
27.01.2020,230.96
28.01.2020,235
29.01.2020,232
30.01.2020,231.53
31.01.2020,226.7
03.02.2020,227.64
04.02.2020,230.5
05.02.2020,232.56
06.02.2020,231.38
07.02.2020,229.11
10.02.2020,225.2
11.02.2020,233.9
12.02.2020,238.03
13.02.2020,233.55
14.02.2020,232.5
17.02.2020,233.75
18.02.2020,230.5
19.02.2020,231.9
20.02.2020,234.6
21.02.2020,232
25.02.2020,224.68
26.02.2020,224.76
27.02.2020,217.5
28.02.2020,202.65
02.03.2020,198.78
03.03.2020,201.48
04.03.2020,200
05.03.2020,198
06.03.2020,188.27
10.03.2020,171
11.03.2020,172.03
12.03.2020,163.73
13.03.2020,166.1
16.03.2020,168.07
17.03.2020,167
18.03.2020,166.34
19.03.2020,174.56
20.03.2020,176.26
23.03.2020,168.35
24.03.2020,177.95
25.03.2020,180.2
26.03.2020,181.5
27.03.2020,174.5
30.03.2020,176.44
31.03.2020,181.41
01.04.2020,180.06
02.04.2020,187.04
03.04.2020,189.77
06.04.2020,191.1
07.04.2020,191.22
08.04.2020,194.11
09.04.2020,193.86
10.04.2020,192
13.04.2020,188.07
14.04.2020,190.11
15.04.2020,184.25
16.04.2020,184.3
17.04.2020,184.68
20.04.2020,185.51
21.04.2020,181.92
22.04.2020,188.36
23.04.2020,188.73
24.04.2020,185.71
27.04.2020,186.29
28.04.2020,188.5
29.04.2020,193.87
30.04.2020,190
04.05.2020,185.7
05.05.2020,190
06.05.2020,187.05
07.05.2020,185.85
08.05.2020,185.34
12.05.2020,186.17
13.05.2020,184.2
14.05.2020,183.91
15.05.2020,183.85
18.05.2020,192.5
19.05.2020,194.2
20.05.2020,196.74
21.05.2020,194.74
22.05.2020,194.35
25.05.2020,197.55
26.05.2020,196.86
27.05.2020,194.73
28.05.2020,196.86
29.05.2020,199.95
01.06.2020,198.72
02.06.2020,201.97
03.06.2020,208
04.06.2020,201.46
05.06.2020,203.05
08.06.2020,204.91
09.06.2020,204.84
10.06.2020,201.75
11.06.2020,196.74
15.06.2020,194.2
16.06.2020,196.59
17.06.2020,195.86
18.06.2020,193
19.06.2020,195.81
22.06.2020,194.3
23.06.2020,194.83
25.06.2020,192.25
26.06.2020,193
29.06.2020,197.94
30.06.2020,194.31
02.07.2020,195.28
03.07.2020,197.2
06.07.2020,199.99
07.07.2020,197.96
08.07.2020,201.17
09.07.2020,199.44
10.07.2020,200.94
13.07.2020,195.7
14.07.2020,193.6
15.07.2020,182.26
16.07.2020,183.32
17.07.2020,184.65
20.07.2020,188.36
21.07.2020,186.78
22.07.2020,187.15
23.07.2020,184.69
24.07.2020,185.45
27.07.2020,185.03
28.07.2020,184.3
29.07.2020,184.69
30.07.2020,182.52
31.07.2020,182.59
03.08.2020,183.6
04.08.2020,183.31
05.08.2020,189.15
06.08.2020,189.07
07.08.2020,187.23
10.08.2020,187.7
11.08.2020,189.7
12.08.2020,192.8
13.08.2020,193.76
14.08.2020,192.83
17.08.2020,190.47
18.08.2020,190.3
19.08.2020,189.26
20.08.2020,186.95
21.08.2020,184.51
24.08.2020,187.1
25.08.2020,186.25
26.08.2020,187.48
27.08.2020,184.58
28.08.2020,182.9
31.08.2020,181.01
01.09.2020,184.22
02.09.2020,181.95
03.09.2020,179.13
04.09.2020,179.55
07.09.2020,177.04
08.09.2020,172.95
09.09.2020,173.69
10.09.2020,173.8
11.09.2020,178.05
14.09.2020,178.19
15.09.2020,182.22
16.09.2020,183.26
17.09.2020,183.9
18.09.2020,181.52
21.09.2020,177.17
22.09.2020,179
23.09.2020,177
24.09.2020,174.23
25.09.2020,173.77
28.09.2020,172.74
29.09.2020,171.44
30.09.2020,169.97
01.10.2020,168.4
02.10.2020,169.47
05.10.2020,170.64
06.10.2020,171.35
07.10.2020,168.23
08.10.2020,167.43
09.10.2020,166.97
12.10.2020,169.05
13.10.2020,166.37
14.10.2020,167.24
15.10.2020,167.16
16.10.2020,163.98
19.10.2020,163.6
20.10.2020,166.53
21.10.2020,164.37
22.10.2020,165.27
23.10.2020,164.96
26.10.2020,162.17
27.10.2020,159.21
28.10.2020,154.3
29.10.2020,156.74
30.10.2020,154.28
02.11.2020,157.74
03.11.2020,161.09
05.11.2020,163.7
06.11.2020,164.92
09.11.2020,170.13
10.11.2020,172.92
11.11.2020,170.53
12.11.2020,172.91
13.11.2020,180.3
16.11.2020,185.32
17.11.2020,182.9
18.11.2020,185
19.11.2020,184.16
20.11.2020,183.21
23.11.2020,184.15
24.11.2020,186.76
25.11.2020,188.03
26.11.2020,185.52
27.11.2020,185.9
30.11.2020,181.89
01.12.2020,185.34
02.12.2020,187.22
03.12.2020,185.12
04.12.2020,188.79
07.12.2020,190.76
08.12.2020,190
09.12.2020,189.35
10.12.2020,192.95
11.12.2020,201.5
14.12.2020,199.91
15.12.2020,201
16.12.2020,206.2
17.12.2020,214.52
18.12.2020,212.69
21.12.2020,203.46
22.12.2020,208.4
23.12.2020,207.63
24.12.2020,206.24
25.12.2020,205.03
28.12.2020,206.11
29.12.2020,208.75
30.12.2020,212.98
04.01.2021,212.71
05.01.2021,215.32
06.01.2021,214.38
08.01.2021,225.49
11.01.2021,227.6
12.01.2021,228.69
13.01.2021,226.8
14.01.2021,228.86
15.01.2021,226.5
18.01.2021,226.88
19.01.2021,223.15
20.01.2021,224.3
21.01.2021,217.28
22.01.2021,215.49
25.01.2021,218.68
26.01.2021,218.8
27.01.2021,217.4
28.01.2021,217.7
29.01.2021,212.83
01.02.2021,214.66
02.02.2021,214.42
03.02.2021,218.1
04.02.2021,219.79
05.02.2021,222.01
08.02.2021,228
09.02.2021,227.73
10.02.2021,223.24
11.02.2021,221.35
12.02.2021,226.71
15.02.2021,229.22
16.02.2021,232.46
17.02.2021,229.14
18.02.2021,224.47
19.02.2021,226
20.02.2021,225.84
22.02.2021,225.63
24.02.2021,222.55
25.02.2021,221.7
26.02.2021,217.56
01.03.2021,221.47
02.03.2021,222.74
03.03.2021,222.15
04.03.2021,221.14
05.03.2021,227
09.03.2021,232.1
10.03.2021,231.69
11.03.2021,232.47
12.03.2021,233.8
15.03.2021,237.79
16.03.2021,234.02
17.03.2021,229.9
18.03.2021,224.35
19.03.2021,225.4
22.03.2021,221.88
23.03.2021,221.62
24.03.2021,223.65
25.03.2021,224.84
26.03.2021,227.3
29.03.2021,228.74
30.03.2021,225.93
31.03.2021,227.24
01.04.2021,226.94
02.04.2021,228.4
05.04.2021,225.06
06.04.2021,222.95
07.04.2021,224.51
08.04.2021,224.3
09.04.2021,222.15
12.04.2021,222.87
13.04.2021,227.99
14.04.2021,235.32
15.04.2021,234.63
16.04.2021,235.1
19.04.2021,231.17
20.04.2021,230
21.04.2021,230.84
22.04.2021,230.93
23.04.2021,232.62
26.04.2021,233.23
27.04.2021,232
28.04.2021,232.96
29.04.2021,230.51
30.04.2021,231.38
04.05.2021,233.8
05.05.2021,237.5
06.05.2021,243
07.05.2021,241.7
10.05.2021,241.41
11.05.2021,242.5
12.05.2021,241.79
13.05.2021,247.16
14.05.2021,249.55
17.05.2021,255.15
18.05.2021,266.22
19.05.2021,260.9
20.05.2021,259.16
21.05.2021,258
24.05.2021,261.24
25.05.2021,259.79
26.05.2021,263.09
27.05.2021,262.96
28.05.2021,262
31.05.2021,261.03
01.06.2021,263.86
02.06.2021,271.15
03.06.2021,272.1
04.06.2021,274.3
07.06.2021,275.67
08.06.2021,275.36
09.06.2021,275.65
10.06.2021,276.1
11.06.2021,277.05
14.06.2021,279.5
15.06.2021,272.72
16.06.2021,271.8
17.06.2021,272.5
18.06.2021,270.06
21.06.2021,272.62
22.06.2021,277
23.06.2021,277.35
24.06.2021,277.47
25.06.2021,277.19
28.06.2021,276.99
29.06.2021,276.8
30.06.2021,281.8
01.07.2021,285.74
02.07.2021,285.65
05.07.2021,291.1
06.07.2021,293.45
07.07.2021,297.39
08.07.2021,292.86
09.07.2021,295.22
12.07.2021,297.39
13.07.2021,293.83
14.07.2021,284.6
15.07.2021,280.01
16.07.2021,279.65
19.07.2021,275.51
20.07.2021,277.3
21.07.2021,282.9
22.07.2021,283.28
23.07.2021,279.51
26.07.2021,281.05
27.07.2021,278.08
28.07.2021,282.2
29.07.2021,287
30.07.2021,287.35
02.08.2021,286.75
03.08.2021,287.09
04.08.2021,287.94
05.08.2021,285.95
06.08.2021,282.27
09.08.2021,286.68
10.08.2021,288.61
11.08.2021,290.35
12.08.2021,293.23
13.08.2021,292.7
16.08.2021,295.1
17.08.2021,298.32
18.08.2021,295.05
19.08.2021,293.68
20.08.2021,292.57
23.08.2021,297.69
24.08.2021,298.7
25.08.2021,296.7
26.08.2021,294.34
27.08.2021,299.66
30.08.2021,305.17
31.08.2021,305.65
01.09.2021,312.89
02.09.2021,312.3
03.09.2021,317.94
06.09.2021,328.93
07.09.2021,327.73
08.09.2021,327.6
09.09.2021,324.57
10.09.2021,326.43
13.09.2021,332.75
14.09.2021,338.98
15.09.2021,343.34
16.09.2021,338.5
17.09.2021,334.5
20.09.2021,325.7
21.09.2021,335.3
22.09.2021,340.59
23.09.2021,343.47
24.09.2021,344.29
27.09.2021,355.19
28.09.2021,354.07
29.09.2021,360.88
30.09.2021,360.8
01.10.2021,363.25
04.10.2021,376.06
05.10.2021,389.82
06.10.2021,381.3
07.10.2021,370.7
08.10.2021,366.17
11.10.2021,369.81
12.10.2021,364.1
13.10.2021,362.77
14.10.2021,367
15.10.2021,367.76
18.10.2021,363.5
19.10.2021,368.83
20.10.2021,369.97
21.10.2021,363.37
22.10.2021,358.12
25.10.2021,364.84
26.10.2021,364.82
27.10.2021,362.17
28.10.2021,353.21
29.10.2021,350.18
01.11.2021,359.1
02.11.2021,352.48
03.11.2021,353.02
05.11.2021,350.6
08.11.2021,351.47
09.11.2021,349.46
10.11.2021,345.8
11.11.2021,347.44
12.11.2021,333.6
15.11.2021,340.3
16.11.2021,336.79
17.11.2021,349.98
18.11.2021,345.56
19.11.2021,337.62
22.11.2021,319.2
23.11.2021,341.77
24.11.2021,338.3
25.11.2021,337.55
26.11.2021,326
29.11.2021,339.2
30.11.2021,334.24
01.12.2021,345.21
02.12.2021,350.3
03.12.2021,345.99
06.12.2021,338.94
07.12.2021,344.96
08.12.2021,340.5
09.12.2021,336.6
10.12.2021,332
13.12.2021,307.26
14.12.2021,319.35
15.12.2021,324.09
16.12.2021,328.39
17.12.2021,327.3
20.12.2021,325.9
21.12.2021,339.88
22.12.2021,345.55
23.12.2021,339.81
24.12.2021,338.79
27.12.2021,343.97
28.12.2021,343.23
29.12.2021,340.33
30.12.2021,342.39
03.01.2022,353.73
04.01.2022,352.55
05.01.2022,335
06.01.2022,346.13
10.01.2022,344
11.01.2022,343.74
12.01.2022,347.43
13.01.2022,337.6
14.01.2022,335.76
17.01.2022,327.81
18.01.2022,301.11
19.01.2022,318.36
20.01.2022,310.42
21.01.2022,311.6
24.01.2022,294.59
25.01.2022,302.96
26.01.2022,299.6
27.01.2022,325.25
28.01.2022,329.58
31.01.2022,334.8
01.02.2022,330.95
02.02.2022,331.7
03.02.2022,323.75
04.02.2022,324.6
07.02.2022,321.25
08.02.2022,331.7
09.02.2022,335.08
10.02.2022,328.93
11.02.2022,318.1
14.02.2022,321.85
15.02.2022,333.6
16.02.2022,336.5
17.02.2022,323.51
18.02.2022,309.48
21.02.2022,257.3
22.02.2022,283.51
24.02.2022,210
25.02.2022,228
24.03.2022,258.51
25.03.2022,227
28.03.2022,218.6
29.03.2022,208
30.03.2022,216
31.03.2022,242.48
01.04.2022,251.4
04.04.2022,252.9
05.04.2022,243.5
06.04.2022,239.7
07.04.2022,245
08.04.2022,241.07
11.04.2022,234.55
12.04.2022,236.3
13.04.2022,234.87
14.04.2022,222.11
15.04.2022,224
18.04.2022,216.99
19.04.2022,220.72
20.04.2022,218.92
21.04.2022,210.29
22.04.2022,208
25.04.2022,206.35
26.04.2022,225.85
27.04.2022,237.15
28.04.2022,237.53
29.04.2022,240.4
04.05.2022,234.16
05.05.2022,238.6
06.05.2022,240.1
11.05.2022,241.99
12.05.2022,230.56
13.05.2022,235.52
16.05.2022,244.2
17.05.2022,258.8
18.05.2022,264.84
19.05.2022,266.68
20.05.2022,263
23.05.2022,263
24.05.2022,265.8
25.05.2022,271.4
26.05.2022,295.89
27.05.2022,294.5
30.05.2022,300.8
31.05.2022,293.75
01.06.2022,297.69
02.06.2022,296
03.06.2022,297
06.06.2022,296.5
07.06.2022,297.99
08.06.2022,308
09.06.2022,306.5
10.06.2022,309.2
14.06.2022,317.69
15.06.2022,316.2
16.06.2022,316.99
17.06.2022,315.5
20.06.2022,311.98
21.06.2022,301.58
22.06.2022,295.8
23.06.2022,303.5
24.06.2022,296
27.06.2022,296.2
28.06.2022,297.2
29.06.2022,297.65
30.06.2022,207
01.07.2022,192.5
04.07.2022,186.25
05.07.2022,197.3
06.07.2022,195.42
07.07.2022,197.92
08.07.2022,198
11.07.2022,188.9
12.07.2022,191.4
13.07.2022,186
14.07.2022,184.55
15.07.2022,187.61
18.07.2022,186.7
19.07.2022,189.51
20.07.2022,193.3
21.07.2022,189.59
22.07.2022,192.25
25.07.2022,192
26.07.2022,193.95
27.07.2022,196.49
28.07.2022,196.25
29.07.2022,195.26
01.08.2022,192
02.08.2022,187.16
03.08.2022,187.04
04.08.2022,184.9
05.08.2022,176.58
08.08.2022,177.86
09.08.2022,181.04
10.08.2022,178.81
11.08.2022,174.1
12.08.2022,174.36
15.08.2022,174.8
16.08.2022,181.3
17.08.2022,176.5
18.08.2022,178.87
19.08.2022,177.6
22.08.2022,181.7
23.08.2022,184.3
24.08.2022,182.83
25.08.2022,181.9
26.08.2022,183.62
29.08.2022,190
30.08.2022,204
31.08.2022,254.9
01.09.2022,249.11
02.09.2022,252.8
05.09.2022,250
06.09.2022,246
07.09.2022,241.55
08.09.2022,243.95
09.09.2022,245.34
12.09.2022,243.3
13.09.2022,242.64
14.09.2022,243.32
15.09.2022,243.68
16.09.2022,243.8
19.09.2022,244.21
20.09.2022,221.15
21.09.2022,214.07
22.09.2022,231.45
23.09.2022,224.84
26.09.2022,206
27.09.2022,217.3
28.09.2022,217.38
29.09.2022,226.46
30.09.2022,217.7
03.10.2022,215.83
04.10.2022,210.72
05.10.2022,209.05
06.10.2022,212.86
07.10.2022,195.15
10.10.2022,163.89
11.10.2022,162.89
12.10.2022,161.8
13.10.2022,160.84
14.10.2022,159.6
17.10.2022,163.24
18.10.2022,160.2
19.10.2022,161.29
20.10.2022,160.75
21.10.2022,166.99
24.10.2022,165.47
25.10.2022,172.38
26.10.2022,171.98
27.10.2022,172.47
28.10.2022,170.73
31.10.2022,170.27
01.11.2022,169.92
02.11.2022,167.72
03.11.2022,169.14
07.11.2022,169.85
08.11.2022,169.97
09.11.2022,167.1
10.11.2022,168.9
11.11.2022,169.86
14.11.2022,169.6
15.11.2022,166.25
16.11.2022,168.76
17.11.2022,168.99
18.11.2022,168.79
21.11.2022,168.13
22.11.2022,168.08
23.11.2022,169.15
24.11.2022,168.96
25.11.2022,169.03
28.11.2022,168.1
29.11.2022,168.1
30.11.2022,167.7
01.12.2022,166.98
02.12.2022,165.86
05.12.2022,165.03
06.12.2022,164.3
07.12.2022,163.7
08.12.2022,163
09.12.2022,162.75
12.12.2022,162.89
13.12.2022,162.4
14.12.2022,160.74
15.12.2022,160.31
16.12.2022,160.24
19.12.2022,157.61
20.12.2022,158.94
21.12.2022,157.59
22.12.2022,157.95
23.12.2022,160.89
26.12.2022,162.12
27.12.2022,164.07
28.12.2022,161.82
29.12.2022,162.91
30.12.2022,162.56
03.01.2023,163.52
04.01.2023,162.51
05.01.2023,161.2
06.01.2023,162.1
09.01.2023,162.71
10.01.2023,162.1
11.01.2023,165.83
12.01.2023,164.17
13.01.2023,164.56
16.01.2023,165.8
17.01.2023,162.33
18.01.2023,162.18
19.01.2023,160.53
20.01.2023,158.85
23.01.2023,160.06
24.01.2023,157.88
25.01.2023,158.99
26.01.2023,157.58
27.01.2023,159.08
30.01.2023,158.41
31.01.2023,158.1
01.02.2023,158.12
02.02.2023,158.1
03.02.2023,160.87
06.02.2023,160.14
07.02.2023,159.87
08.02.2023,158.18
09.02.2023,159.19
10.02.2023,158.68
